Workbook
Name Slicer_Category1: #N/A
Name Slicer_Item_Name: #N/A

Sheet Master Barang
A1: Item Code | B1: Item Name | C1: Category | D1: Brand | E1: Unit | F1: Supplier | G1: Purchase Price | H1: Selling Price | I1: Reorder Point | J1: Maximum Stock | K1: Minimum Stock
A2: BEV001 | B2: Coca Cola Beverage Variant 1 | C2: Beverage | D2: Coca Cola | E2: Bottle | F2: PT Supplier 26 | G2: 14300 | H2: 18100 | I2: 150 | J2: 900 | K2: 75
A3: BEV002 | B3: Aqua Beverage Variant 2 | C3: Beverage | D3: Aqua | E3: Bottle | F3: PT Supplier 22 | G3: 78700 | H3: 91500 | I3: 400 | J3: 2000 | K3: 200
A4: BEV003 | B4: Sosro Beverage Variant 3 | C4: Beverage | D4: Sosro | E4: Bottle | F4: PT Supplier 02 | G4: 75500 | H4: 88400 | I4: 40 | J4: 160 | K4: 20
A5: BEV004 | B5: Aqua Beverage Variant 4 | C5: Beverage | D5: Aqua | E5: Bottle | F5: PT Supplier 21 | G5: 73700 | H5: 85700 | I5: 180 | J5: 900 | K5: 90
A6: BEV005 | B6: Aqua Beverage Variant 5 | C6: Beverage | D6: Aqua | E6: Bottle | F6: PT Supplier 33 | G6: 43600 | H6: 51500 | I6: 80 | J6: 320 | K6: 40
A7: BEV006 | B7: Pocari Beverage Variant 6 | C7: Beverage | D7: Pocari | E7: Bottle | F7: PT Supplier 26 | G7: 60200 | H7: 70500 | I7: 100 | J7: 500 | K7: 50
A8: BEV007 | B8: Sosro Beverage Variant 7 | C8: Beverage | D8: Sosro | E8: Bottle | F8: PT Supplier 26 | G8: 34900 | H8: 41400 | I8: 500 | J8: 2000 | K8: 250
A9: BEV008 | B9: Aqua Beverage Variant 8 | C9: Beverage | D9: Aqua | E9: Bottle | F9: PT Supplier 24 | G9: 48200 | H9: 59200 | I9: 20 | J9: 100 | K9: 10
A10: BEV009 | B10: Aqua Beverage Variant 9 | C10: Beverage | D10: Aqua | E10: Bottle | F10: PT Supplier 10 | G10: 37300 | H10: 46700 | I10: 100 | J10: 400 | K10: 50
A11: BEV010 | B11: Coca Cola Beverage Variant 10 | C11: Beverage | D11: Coca Cola | E11: Bottle | F11: PT Supplier 10 | G11: 16400 | H11: 19700 | I11: 180 | J11: 1080 | K11: 90
A12: BEV011 | B12: Pocari Beverage Variant 11 | C12: Beverage | D12: Pocari | E12: Bottle | F12: PT Supplier 05 | G12: 83400 | H12: 105600 | I12: 150 | J12: 900 | K12: 75
A13: BEV012 | B13: Pocari Beverage Variant 12 | C13: Beverage | D13: Pocari | E13: Bottle | F13: PT Supplier 34 | G13: 10600 | H13: 13100 | I13: 40 | J13: 160 | K13: 20
... A201: BAB020 | B201: Zwitsal Baby Care Variant 20 | C201: Baby Care | D201: Zwitsal | E201: Pack | F201: PT Supplier 11 | G201: 57600 | H201: 73300 | I201: 400 | J201: 1600 | K201: 200

Sheet Stok Awal
A1: Item Code | B1: Beginning Stock
A2: BEV001 | B2: 476
A3: BEV002 | B3: 1798
A4: BEV003 | B4: 140
A5: BEV004 | B5: 894
A6: BEV005 | B6: 174
A7: BEV006 | B7: 369
A8: BEV007 | B8: 1802
A9: BEV008 | B9: 46
A10: BEV009 | B10: 361
A11: BEV010 | B11: 567
A12: BEV011 | B12: 626
A13: BEV012 | B13: 193
... A201: BAB020 | B201: 1614

Sheet Dashboard
A3: Category Selector | E3: Total Received | I3: Total Dispatched | N3: Total Avaibility | R3: Monthly Available Stock Trend | Z3: Product Selector
E12: 10 Lowest Stock Product | Z12: Stock Performance Overview
E13: Product ID | H13: Product Name | M13: Category | P13: Quantity Available | T13: Re-Order Level | W13: Status
E14: =Data_Preparation!M3 -> DAR015 | H14: =Data_Preparation!N3 -> Ultra Milk Dairy Variant 15 | M14: =Data_Preparation!O3 -> Dairy | P14: =Data_Preparation!Q3 -> 3 | T14: =Data_Preparation!R3 -> 40 | W14: =Data_Preparation!P3 -> Reorder Required
E15: =Data_Preparation!M4 -> INS003 | H15: =Data_Preparation!N4 -> Indomie Instant Food Variant 3 | M15: =Data_Preparation!O4 -> Instant Food | P15: =Data_Preparation!Q4 -> 78 | T15: =Data_Preparation!R4 -> 120 | W15: =Data_Preparation!P4 -> Reorder Required
E16: =Data_Preparation!M5 -> SNK010 | H16: =Data_Preparation!N5 -> Taro Snack Variant 10 | M16: =Data_Preparation!O5 -> Snack | P16: =Data_Preparation!Q5 -> 94 | T16: =Data_Preparation!R5 -> 60 | W16: =Data_Preparation!P5 -> Safe Stock Level
E17: =Data_Preparation!M6 -> DAR019 | H17: =Data_Preparation!N6 -> Ultra Milk Dairy Variant 19 | M17: =Data_Preparation!O6 -> Dairy | P17: =Data_Preparation!Q6 -> 133 | T17: =Data_Preparation!R6 -> 20 | W17: =Data_Preparation!P6 -> Overstock
E18: =Data_Preparation!M7 -> PER015 | H18: =Data_Preparation!N7 -> Sunsilk Personal Care Variant 15 | M18: =Data_Preparation!O7 -> Personal Care | P18: =Data_Preparation!Q7 -> 193 | T18: =Data_Preparation!R7 -> 60 | W18: =Data_Preparation!P7 -> Safe Stock Level
E19: =Data_Preparation!M8 -> BAB008 | H19: =Data_Preparation!N8 -> Zwitsal Baby Care Variant 8 | M19: =Data_Preparation!O8 -> Baby Care | P19: =Data_Preparation!Q8 -> 222 | T19: =Data_Preparation!R8 -> 200 | W19: =Data_Preparation!P8 -> Safe Stock Level
E20: =Data_Preparation!M9 -> BEV003 | H20: =Data_Preparation!N9 -> Sosro Beverage Variant 3 | M20: =Data_Preparation!O9 -> Beverage | P20: =Data_Preparation!Q9 -> 256 | T20: =Data_Preparation!R9 -> 40 | W20: =Data_Preparation!P9 -> Overstock
E21: =Data_Preparation!M10 -> BEV032 | H21: =Data_Preparation!N10 -> Aqua Beverage Variant 32 | M21: =Data_Preparation!O10 -> Beverage | P21: =Data_Preparation!Q10 -> 276 | T21: =Data_Preparation!R10 -> 100 | W21: =Data_Preparation!P10 -> Safe Stock Level
E22: =Data_Preparation!M11 -> INS025 | H22: =Data_Preparation!N11 -> Indomie Instant Food Variant 25 | M22: =Data_Preparation!O11 -> Instant Food | P22: =Data_Preparation!Q11 -> 277 | T22: =Data_Preparation!R11 -> 60 | W22: =Data_Preparation!P11 -> Safe Stock Level
E23: =Data_Preparation!M12 -> SNK030 | H23: =Data_Preparation!N12 -> Qtela Snack Variant 30 | M23: =Data_Preparation!O12 -> Snack | P23: =Data_Preparation!Q12 -> 278 | T23: =Data_Preparation!R12 -> 100 | W23: =Data_Preparation!P12 -> Safe Stock Level

Sheet Data_Preparation
A1: 📊 Data Stock Berdasarkan Product | M1: Bottom 10 Stock | V1: KPI | Z1: Stock Performance Overview | AE1: Monthly Stock Avaibility
A2: Item Code | B2: Item Name | C2: Category | D2: Stock Awal | E2: Qty Received | F2: Qty Dispatched | G2: Qty Available | H2: Re Order Point | I2: Minimum Stock | J2: Maximum Stock | K2: Stock Status | M2: Item Code | N2: Item Name | O2: Category | P2: Stock Status | Q2: Sum of Qty Available | R2: Sum of Re Order Point | S2: Sum of Qty Dispatched | T2: Sum of Qty Received | V2: Total Received | W2: Total Dispatched | X2: Total Available | Z2: Total SKU | AA2: Safe Stock | AB2: Reorder Required | AC2: Overstock | AE2: Month | AF2: Stock Available | AG2: Qty Received Monthly | AH2: Qty Dispatched Monthly | AI2: Total Avaibility
A3: BEV001 | B3: =VLOOKUP(current_stock[[#This Row],[Item Code]],master_barang[],2,FALSE) -> Coca Cola Beverage Variant 1 | C3: =VLOOKUP(current_stock[[#This Row],[Item Code]],master_barang[],3,FALSE) -> Beverage | D3: =VLOOKUP(current_stock[[#This Row],[Item Code]],stok_awal[],2,FALSE) -> 476 | E3: =SUMIF(Barang_Masuk!D:D,A3,Barang_Masuk!F:F) -> 450 | F3: =SUMIF(Barang_Keluar!D:D,A3,Barang_Keluar!F:F) -> 220 | G3: =current_stock[[#This Row],[Stock Awal]]+current_stock[[#This Row],[Qty Received]]-current_stock[[#This Row],[Qty Dispatched]] -> 706 | H3: =VLOOKUP(current_stock[[#This Row],[Item Code]],master_barang[],9,FALSE) -> 150 | I3: =VLOOKUP(current_stock[[#This Row],[Item Code]],master_barang[],11,FALSE) -> 75 | J3: =VLOOKUP(current_stock[[#This Row],[Item Code]],master_barang[],10,FALSE) -> 900 | K3: =IF(current_stock[[#This Row],[Qty Available]]<current_stock[[#This Row],[Re Order Point]],"Reorder Required",IF(current_stock[[#This Row],[Qty Available]]>current_stock[[#This Row],[Maximum Stock]],"Overstock","Safe Stock Level")) -> Safe Stock Level | M3: DAR015 | N3: Ultra Milk Dairy Variant 15 | O3: Dairy | P3: Reorder Required | Q3: 3 | R3: 40 | S3: 286 | T3: 180 | V3: =SUM(T3:T203) -> 130900 | W3: =SUM(S3:S203) -> 64027 | X3: =SUM(Q3:Q202) -> 191381 | Z3: =COUNTA(P3:P202) -> 200 | AA3: =COUNTIF(P:P,"Safe Stock Level") -> 66 | AB3: =COUNTIF(P3:P202,"Reorder Required") -> 2 | AC3: =COUNTIF(P3:P202,"Overstock") -> 132 | AE3: 46023 | AF3: =SUM('Stok Awal'!B:B) -> 124508 | AG3: =SUMIFS(Barang_Masuk!F:F,Barang_Masuk!B:B,">="&DATE(2026,1,1),Barang_Masuk!B:B,"<"&DATE(2026,2,1)) -> 21260 | AH3: =SUMIFS(Barang_Keluar!F:F,Barang_Keluar!B:B,">="&DATE(2026,1,1),Barang_Keluar!B:B,"<"&DATE(2026,2,1)) -> 10231 | AI3: =AF3+AG3-AH3 -> 135537
A4: BEV002 | B4: =VLOOKUP(current_stock[[#This Row],[Item Code]],master_barang[],2,FALSE) -> Aqua Beverage Variant 2 | C4: =VLOOKUP(current_stock[[#This Row],[Item Code]],master_barang[],3,FALSE) -> Beverage | D4: =VLOOKUP(current_stock[[#This Row],[Item Code]],stok_awal[],2,FALSE) -> 1798 | E4: =SUMIF(Barang_Masuk!D:D,A4,Barang_Masuk!F:F) -> 580 | F4: =SUMIF(Barang_Keluar!D:D,A4,Barang_Keluar!F:F) -> 256 | G4: =current_stock[[#This Row],[Stock Awal]]+current_stock[[#This Row],[Qty Received]]-current_stock[[#This Row],[Qty Dispatched]] -> 2122 | H4: =VLOOKUP(current_stock[[#This Row],[Item Code]],master_barang[],9,FALSE) -> 400 | I4: =VLOOKUP(current_stock[[#This Row],[Item Code]],master_barang[],11,FALSE) -> 200 | J4: =VLOOKUP(current_stock[[#This Row],[Item Code]],master_barang[],10,FALSE) -> 2000 | K4: =IF(current_stock[[#This Row],[Qty Available]]<current_stock[[#This Row],[Re Order Point]],"Reorder Required",IF(current_stock[[#This Row],[Qty Available]]>current_stock[[#This Row],[Maximum Stock]],"Overstock","Safe Stock Level")) -> Overstock | M4: INS003 | N4: Indomie Instant Food Variant 3 | O4: Instant Food | P4: Reorder Required | Q4: 78 | R4: 120 | S4: 744 | T4: 360 | AE4: 46054 | AF4: =SUM('Stok Awal'!B:B) -> 124508 | AG4: =SUMIFS(Barang_Masuk!F:F,Barang_Masuk!B:B,">="&DATE(2026,1,1),Barang_Masuk!B:B,"<"&DATE(2026,2,1)) -> 21260 | AH4: =SUMIFS(Barang_Keluar!F:F,Barang_Keluar!B:B,">="&DATE(2026,1,1),Barang_Keluar!B:B,"<"&DATE(2026,2,1)) -> 10231 | AI4: =AI3+AG4-AH4 -> 146566
A5: BEV003 | B5: =VLOOKUP(current_stock[[#This Row],[Item Code]],master_barang[],2,FALSE) -> Sosro Beverage Variant 3 | C5: =VLOOKUP(current_stock[[#This Row],[Item Code]],master_barang[],3,FALSE) -> Beverage | D5: =VLOOKUP(current_stock[[#This Row],[Item Code]],stok_awal[],2,FALSE) -> 140 | E5: =SUMIF(Barang_Masuk!D:D,A5,Barang_Masuk!F:F) -> 500 | F5: =SUMIF(Barang_Keluar!D:D,A5,Barang_Keluar!F:F) -> 384 | G5: =current_stock[[#This Row],[Stock Awal]]+current_stock[[#This Row],[Qty Received]]-current_stock[[#This Row],[Qty Dispatched]] -> 256 | H5: =VLOOKUP(current_stock[[#This Row],[Item Code]],master_barang[],9,FALSE) -> 40 | I5: =VLOOKUP(current_stock[[#This Row],[Item Code]],master_barang[],11,FALSE) -> 20 | J5: =VLOOKUP(current_stock[[#This Row],[Item Code]],master_barang[],10,FALSE) -> 160 | K5: =IF(current_stock[[#This Row],[Qty Available]]<current_stock[[#This Row],[Re Order Point]],"Reorder Required",IF(current_stock[[#This Row],[Qty Available]]>current_stock[[#This Row],[Maximum Stock]],"Overstock","Safe Stock Level")) -> Overstock | M5: SNK010 | N5: Taro Snack Variant 10 | O5: Snack | P5: Safe Stock Level | Q5: 94 | R5: 60 | S5: 462 | T5: 420 | AE5: 46082 | AF5: =SUM('Stok Awal'!B:B) -> 124508 | AG5: =SUMIFS(Barang_Masuk!F:F,Barang_Masuk!B:B,">="&DATE(2026,1,1),Barang_Masuk!B:B,"<"&DATE(2026,2,1)) -> 21260 | AH5: =SUMIFS(Barang_Keluar!F:F,Barang_Keluar!B:B,">="&DATE(2026,1,1),Barang_Keluar!B:B,"<"&DATE(2026,2,1)) -> 10231 | AI5: =AI4+AG5-AH5 -> 157595
A6: BEV004 | B6: =VLOOKUP(current_stock[[#This Row],[Item Code]],master_barang[],2,FALSE) -> Aqua Beverage Variant 4 | C6: =VLOOKUP(current_stock[[#This Row],[Item Code]],master_barang[],3,FALSE) -> Beverage | D6: =VLOOKUP(current_stock[[#This Row],[Item Code]],stok_awal[],2,FALSE) -> 894 | E6: =SUMIF(Barang_Masuk!D:D,A6,Barang_Masuk!F:F) -> 460 | F6: =SUMIF(Barang_Keluar!D:D,A6,Barang_Keluar!F:F) -> 293 | G6: =current_stock[[#This Row],[Stock Awal]]+current_stock[[#This Row],[Qty Received]]-current_stock[[#This Row],[Qty Dispatched]] -> 1061 | H6: =VLOOKUP(current_stock[[#This Row],[Item Code]],master_barang[],9,FALSE) -> 180 | I6: =VLOOKUP(current_stock[[#This Row],[Item Code]],master_barang[],11,FALSE) -> 90 | J6: =VLOOKUP(current_stock[[#This Row],[Item Code]],master_barang[],10,FALSE) -> 900 | K6: =IF(current_stock[[#This Row],[Qty Available]]<current_stock[[#This Row],[Re Order Point]],"Reorder Required",IF(current_stock[[#This Row],[Qty Available]]>current_stock[[#This Row],[Maximum Stock]],"Overstock","Safe Stock Level")) -> Overstock | M6: DAR019 | N6: Ultra Milk Dairy Variant 19 | O6: Dairy | P6: Overstock | Q6: 133 | R6: 20 | S6: 281 | T6: 350 | AE6: 46113 | AF6: =SUM('Stok Awal'!B:B) -> 124508 | AG6: =SUMIFS(Barang_Masuk!F:F,Barang_Masuk!B:B,">="&DATE(2026,1,1),Barang_Masuk!B:B,"<"&DATE(2026,2,1)) -> 21260 | AH6: =SUMIFS(Barang_Keluar!F:F,Barang_Keluar!B:B,">="&DATE(2026,1,1),Barang_Keluar!B:B,"<"&DATE(2026,2,1)) -> 10231 | AI6: =AI5+AG6-AH6 -> 168624
A7: BEV005 | B7: =VLOOKUP(current_stock[[#This Row],[Item Code]],master_barang[],2,FALSE) -> Aqua Beverage Variant 5 | C7: =VLOOKUP(current_stock[[#This Row],[Item Code]],master_barang[],3,FALSE) -> Beverage | D7: =VLOOKUP(current_stock[[#This Row],[Item Code]],stok_awal[],2,FALSE) -> 174 | E7: =SUMIF(Barang_Masuk!D:D,A7,Barang_Masuk!F:F) -> 1080 | F7: =SUMIF(Barang_Keluar!D:D,A7,Barang_Keluar!F:F) -> 308 | G7: =current_stock[[#This Row],[Stock Awal]]+current_stock[[#This Row],[Qty Received]]-current_stock[[#This Row],[Qty Dispatched]] -> 946 | H7: =VLOOKUP(current_stock[[#This Row],[Item Code]],master_barang[],9,FALSE) -> 80 | I7: =VLOOKUP(current_stock[[#This Row],[Item Code]],master_barang[],11,FALSE) -> 40 | J7: =VLOOKUP(current_stock[[#This Row],[Item Code]],master_barang[],10,FALSE) -> 320 | K7: =IF(current_stock[[#This Row],[Qty Available]]<current_stock[[#This Row],[Re Order Point]],"Reorder Required",IF(current_stock[[#This Row],[Qty Available]]>current_stock[[#This Row],[Maximum Stock]],"Overstock","Safe Stock Level")) -> Overstock | M7: PER015 | N7: Sunsilk Personal Care Variant 15 | O7: Personal Care | P7: Safe Stock Level | Q7: 193 | R7: 60 | S7: 325 | T7: 290 | AE7: 46143 | AF7: =SUM('Stok Awal'!B:B) -> 124508 | AG7: =SUMIFS(Barang_Masuk!F:F,Barang_Masuk!B:B,">="&DATE(2026,1,1),Barang_Masuk!B:B,"<"&DATE(2026,2,1)) -> 21260 | AH7: =SUMIFS(Barang_Keluar!F:F,Barang_Keluar!B:B,">="&DATE(2026,1,1),Barang_Keluar!B:B,"<"&DATE(2026,2,1)) -> 10231 | AI7: =AI6+AG7-AH7 -> 179653
A8: BEV006 | B8: =VLOOKUP(current_stock[[#This Row],[Item Code]],master_barang[],2,FALSE) -> Pocari Beverage Variant 6 | C8: =VLOOKUP(current_stock[[#This Row],[Item Code]],master_barang[],3,FALSE) -> Beverage | D8: =VLOOKUP(current_stock[[#This Row],[Item Code]],stok_awal[],2,FALSE) -> 369 | E8: =SUMIF(Barang_Masuk!D:D,A8,Barang_Masuk!F:F) -> 290 | F8: =SUMIF(Barang_Keluar!D:D,A8,Barang_Keluar!F:F) -> 243 | G8: =current_stock[[#This Row],[Stock Awal]]+current_stock[[#This Row],[Qty Received]]-current_stock[[#This Row],[Qty Dispatched]] -> 416 | H8: =VLOOKUP(current_stock[[#This Row],[Item Code]],master_barang[],9,FALSE) -> 100 | I8: =VLOOKUP(current_stock[[#This Row],[Item Code]],master_barang[],11,FALSE) -> 50 | J8: =VLOOKUP(current_stock[[#This Row],[Item Code]],master_barang[],10,FALSE) -> 500 | K8: =IF(current_stock[[#This Row],[Qty Available]]<current_stock[[#This Row],[Re Order Point]],"Reorder Required",IF(current_stock[[#This Row],[Qty Available]]>current_stock[[#This Row],[Maximum Stock]],"Overstock","Safe Stock Level")) -> Safe Stock Level | M8: BAB008 | N8: Zwitsal Baby Care Variant 8 | O8: Baby Care | P8: Safe Stock Level | Q8: 222 | R8: 200 | S8: 403 | T8: 80 | AE8: 46174 | AF8: =SUM('Stok Awal'!B:B) -> 124508 | AG8: =SUMIFS(Barang_Masuk!F:F,Barang_Masuk!B:B,">="&DATE(2026,1,1),Barang_Masuk!B:B,"<"&DATE(2026,2,1)) -> 21260 | AH8: =SUMIFS(Barang_Keluar!F:F,Barang_Keluar!B:B,">="&DATE(2026,1,1),Barang_Keluar!B:B,"<"&DATE(2026,2,1)) -> 10231 | AI8: =AI7+AG8-AH8 -> 190682
A9: BEV007 | B9: =VLOOKUP(current_stock[[#This Row],[Item Code]],master_barang[],2,FALSE) -> Sosro Beverage Variant 7 | C9: =VLOOKUP(current_stock[[#This Row],[Item Code]],master_barang[],3,FALSE) -> Beverage | D9: =VLOOKUP(current_stock[[#This Row],[Item Code]],stok_awal[],2,FALSE) -> 1802 | E9: =SUMIF(Barang_Masuk!D:D,A9,Barang_Masuk!F:F) -> 400 | F9: =SUMIF(Barang_Keluar!D:D,A9,Barang_Keluar!F:F) -> 94 | G9: =current_stock[[#This Row],[Stock Awal]]+current_stock[[#This Row],[Qty Received]]-current_stock[[#This Row],[Qty Dispatched]] -> 2108 | H9: =VLOOKUP(current_stock[[#This Row],[Item Code]],master_barang[],9,FALSE) -> 500 | I9: =VLOOKUP(current_stock[[#This Row],[Item Code]],master_barang[],11,FALSE) -> 250 | J9: =VLOOKUP(current_stock[[#This Row],[Item Code]],master_barang[],10,FALSE) -> 2000 | K9: =IF(current_stock[[#This Row],[Qty Available]]<current_stock[[#This Row],[Re Order Point]],"Reorder Required",IF(current_stock[[#This Row],[Qty Available]]>current_stock[[#This Row],[Maximum Stock]],"Overstock","Safe Stock Level")) -> Overstock | M9: BEV003 | N9: Sosro Beverage Variant 3 | O9: Beverage | P9: Overstock | Q9: 256 | R9: 40 | S9: 384 | T9: 500
A10: BEV008 | B10: =VLOOKUP(current_stock[[#This Row],[Item Code]],master_barang[],2,FALSE) -> Aqua Beverage Variant 8 | C10: =VLOOKUP(current_stock[[#This Row],[Item Code]],master_barang[],3,FALSE) -> Beverage | D10: =VLOOKUP(current_stock[[#This Row],[Item Code]],stok_awal[],2,FALSE) -> 46 | E10: =SUMIF(Barang_Masuk!D:D,A10,Barang_Masuk!F:F) -> 690 | F10: =SUMIF(Barang_Keluar!D:D,A10,Barang_Keluar!F:F) -> 216 | G10: =current_stock[[#This Row],[Stock Awal]]+current_stock[[#This Row],[Qty Received]]-current_stock[[#This Row],[Qty Dispatched]] -> 520 | H10: =VLOOKUP(current_stock[[#This Row],[Item Code]],master_barang[],9,FALSE) -> 20 | I10: =VLOOKUP(current_stock[[#This Row],[Item Code]],master_barang[],11,FALSE) -> 10 | J10: =VLOOKUP(current_stock[[#This Row],[Item Code]],master_barang[],10,FALSE) -> 100 | K10: =IF(current_stock[[#This Row],[Qty Available]]<current_stock[[#This Row],[Re Order Point]],"Reorder Required",IF(current_stock[[#This Row],[Qty Available]]>current_stock[[#This Row],[Maximum Stock]],"Overstock","Safe Stock Level")) -> Overstock | M10: BEV032 | N10: Aqua Beverage Variant 32 | O10: Beverage | P10: Safe Stock Level | Q10: 276 | R10: 100 | S10: 386 | T10: 390
A11: BEV009 | B11: =VLOOKUP(current_stock[[#This Row],[Item Code]],master_barang[],2,FALSE) -> Aqua Beverage Variant 9 | C11: =VLOOKUP(current_stock[[#This Row],[Item Code]],master_barang[],3,FALSE) -> Beverage | D11: =VLOOKUP(current_stock[[#This Row],[Item Code]],stok_awal[],2,FALSE) -> 361 | E11: =SUMIF(Barang_Masuk!D:D,A11,Barang_Masuk!F:F) -> 370 | F11: =SUMIF(Barang_Keluar!D:D,A11,Barang_Keluar!F:F) -> 394 | G11: =current_stock[[#This Row],[Stock Awal]]+current_stock[[#This Row],[Qty Received]]-current_stock[[#This Row],[Qty Dispatched]] -> 337 | H11: =VLOOKUP(current_stock[[#This Row],[Item Code]],master_barang[],9,FALSE) -> 100 | I11: =VLOOKUP(current_stock[[#This Row],[Item Code]],master_barang[],11,FALSE) -> 50 | J11: =VLOOKUP(current_stock[[#This Row],[Item Code]],master_barang[],10,FALSE) -> 400 | K11: =IF(current_stock[[#This Row],[Qty Available]]<current_stock[[#This Row],[Re Order Point]],"Reorder Required",IF(current_stock[[#This Row],[Qty Available]]>current_stock[[#This Row],[Maximum Stock]],"Overstock","Safe Stock Level")) -> Safe Stock Level | M11: INS025 | N11: Indomie Instant Food Variant 25 | O11: Instant Food | P11: Safe Stock Level | Q11: 277 | R11: 60 | S11: 210 | T11: 320
A12: BEV010 | B12: =VLOOKUP(current_stock[[#This Row],[Item Code]],master_barang[],2,FALSE) -> Coca Cola Beverage Variant 10 | C12: =VLOOKUP(current_stock[[#This Row],[Item Code]],master_barang[],3,FALSE) -> Beverage | D12: =VLOOKUP(current_stock[[#This Row],[Item Code]],stok_awal[],2,FALSE) -> 567 | E12: =SUMIF(Barang_Masuk!D:D,A12,Barang_Masuk!F:F) -> 830 | F12: =SUMIF(Barang_Keluar!D:D,A12,Barang_Keluar!F:F) -> 315 | G12: =current_stock[[#This Row],[Stock Awal]]+current_stock[[#This Row],[Qty Received]]-current_stock[[#This Row],[Qty Dispatched]] -> 1082 | H12: =VLOOKUP(current_stock[[#This Row],[Item Code]],master_barang[],9,FALSE) -> 180 | I12: =VLOOKUP(current_stock[[#This Row],[Item Code]],master_barang[],11,FALSE) -> 90 | J12: =VLOOKUP(current_stock[[#This Row],[Item Code]],master_barang[],10,FALSE) -> 1080 | K12: =IF(current_stock[[#This Row],[Qty Available]]<current_stock[[#This Row],[Re Order Point]],"Reorder Required",IF(current_stock[[#This Row],[Qty Available]]>current_stock[[#This Row],[Maximum Stock]],"Overstock","Safe Stock Level")) -> Overstock | M12: SNK030 | N12: Qtela Snack Variant 30 | O12: Snack | P12: Safe Stock Level | Q12: 278 | R12: 100 | S12: 288 | T12: 270
A13: BEV011 | B13: =VLOOKUP(current_stock[[#This Row],[Item Code]],master_barang[],2,FALSE) -> Pocari Beverage Variant 11 | C13: =VLOOKUP(current_stock[[#This Row],[Item Code]],master_barang[],3,FALSE) -> Beverage | D13: =VLOOKUP(current_stock[[#This Row],[Item Code]],stok_awal[],2,FALSE) -> 626 | E13: =SUMIF(Barang_Masuk!D:D,A13,Barang_Masuk!F:F) -> 440 | F13: =SUMIF(Barang_Keluar!D:D,A13,Barang_Keluar!F:F) -> 224 | G13: =current_stock[[#This Row],[Stock Awal]]+current_stock[[#This Row],[Qty Received]]-current_stock[[#This Row],[Qty Dispatched]] -> 842 | H13: =VLOOKUP(current_stock[[#This Row],[Item Code]],master_barang[],9,FALSE) -> 150 | I13: =VLOOKUP(current_stock[[#This Row],[Item Code]],master_barang[],11,FALSE) -> 75 | J13: =VLOOKUP(current_stock[[#This Row],[Item Code]],master_barang[],10,FALSE) -> 900 | K13: =IF(current_stock[[#This Row],[Qty Available]]<current_stock[[#This Row],[Re Order Point]],"Reorder Required",IF(current_stock[[#This Row],[Qty Available]]>current_stock[[#This Row],[Maximum Stock]],"Overstock","Safe Stock Level")) -> Safe Stock Level | M13: BEV012 | N13: Pocari Beverage Variant 12 | O13: Beverage | P13: Overstock | Q13: 292 | R13: 40 | S13: 371 | T13: 470
A14: BEV012 | B14: =VLOOKUP(current_stock[[#This Row],[Item Code]],master_barang[],2,FALSE) -> Pocari Beverage Variant 12 | C14: =VLOOKUP(current_stock[[#This Row],[Item Code]],master_barang[],3,FALSE) -> Beverage | D14: =VLOOKUP(current_stock[[#This Row],[Item Code]],stok_awal[],2,FALSE) -> 193 | E14: =SUMIF(Barang_Masuk!D:D,A14,Barang_Masuk!F:F) -> 470 | F14: =SUMIF(Barang_Keluar!D:D,A14,Barang_Keluar!F:F) -> 371 | G14: =current_stock[[#This Row],[Stock Awal]]+current_stock[[#This Row],[Qty Received]]-current_stock[[#This Row],[Qty Dispatched]] -> 292 | H14: =VLOOKUP(current_stock[[#This Row],[Item Code]],master_barang[],9,FALSE) -> 40 | I14: =VLOOKUP(current_stock[[#This Row],[Item Code]],master_barang[],11,FALSE) -> 20 | J14: =VLOOKUP(current_stock[[#This Row],[Item Code]],master_barang[],10,FALSE) -> 160 | K14: =IF(current_stock[[#This Row],[Qty Available]]<current_stock[[#This Row],[Re Order Point]],"Reorder Required",IF(current_stock[[#This Row],[Qty Available]]>current_stock[[#This Row],[Maximum Stock]],"Overstock","Safe Stock Level")) -> Overstock | M14: PER002 | N14: Lifebuoy Personal Care Variant 2 | O14: Personal Care | P14: Overstock | Q14: 304 | R14: 20 | S14: 239 | T14: 470
A15: BEV013 | B15: =VLOOKUP(current_stock[[#This Row],[Item Code]],master_barang[],2,FALSE) -> Sosro Beverage Variant 13 | C15: =VLOOKUP(current_stock[[#This Row],[Item Code]],master_barang[],3,FALSE) -> Beverage | D15: =VLOOKUP(current_stock[[#This Row],[Item Code]],stok_awal[],2,FALSE) -> 529 | E15: =SUMIF(Barang_Masuk!D:D,A15,Barang_Masuk!F:F) -> 590 | F15: =SUMIF(Barang_Keluar!D:D,A15,Barang_Keluar!F:F) -> 231 | G15: =current_stock[[#This Row],[Stock Awal]]+current_stock[[#This Row],[Qty Received]]-current_stock[[#This Row],[Qty Dispatched]] -> 888 | H15: =VLOOKUP(current_stock[[#This Row],[Item Code]],master_barang[],9,FALSE) -> 200 | I15: =VLOOKUP(current_stock[[#This Row],[Item Code]],master_barang[],11,FALSE) -> 100 | J15: =VLOOKUP(current_stock[[#This Row],[Item Code]],master_barang[],10,FALSE) -> 800 | K15: =IF(current_stock[[#This Row],[Qty Available]]<current_stock[[#This Row],[Re Order Point]],"Reorder Required",IF(current_stock[[#This Row],[Qty Available]]>current_stock[[#This Row],[Maximum Stock]],"Overstock","Safe Stock Level")) -> Overstock | M15: SNK023 | N15: Taro Snack Variant 23 | O15: Snack | P15: Overstock | Q15: 321 | R15: 60 | S15: 372 | T15: 540
A16: BEV014 | B16: =VLOOKUP(current_stock[[#This Row],[Item Code]],master_barang[],2,FALSE) -> Coca Cola Beverage Variant 14 | C16: =VLOOKUP(current_stock[[#This Row],[Item Code]],master_barang[],3,FALSE) -> Beverage | D16: =VLOOKUP(current_stock[[#This Row],[Item Code]],stok_awal[],2,FALSE) -> 1293 | E16: =SUMIF(Barang_Masuk!D:D,A16,Barang_Masuk!F:F) -> 770 | F16: =SUMIF(Barang_Keluar!D:D,A16,Barang_Keluar!F:F) -> 317 | G16: =current_stock[[#This Row],[Stock Awal]]+current_stock[[#This Row],[Qty Received]]-current_stock[[#This Row],[Qty Dispatched]] -> 1746 | H16: =VLOOKUP(current_stock[[#This Row],[Item Code]],master_barang[],9,FALSE) -> 400 | I16: =VLOOKUP(current_stock[[#This Row],[Item Code]],master_barang[],11,FALSE) -> 200 | J16: =VLOOKUP(current_stock[[#This Row],[Item Code]],master_barang[],10,FALSE) -> 2400 | K16: =IF(current_stock[[#This Row],[Qty Available]]<current_stock[[#This Row],[Re Order Point]],"Reorder Required",IF(current_stock[[#This Row],[Qty Available]]>current_stock[[#This Row],[Maximum Stock]],"Overstock","Safe Stock Level")) -> Safe Stock Level | M16: BEV035 | N16: Sosro Beverage Variant 35 | O16: Beverage | P16: Overstock | Q16: 332 | R16: 80 | S16: 386 | T16: 340
A17: BEV015 | B17: =VLOOKUP(current_stock[[#This Row],[Item Code]],master_barang[],2,FALSE) -> Aqua Beverage Variant 15 | C17: =VLOOKUP(current_stock[[#This Row],[Item Code]],master_barang[],3,FALSE) -> Beverage | D17: =VLOOKUP(current_stock[[#This Row],[Item Code]],stok_awal[],2,FALSE) -> 313 | E17: =SUMIF(Barang_Masuk!D:D,A17,Barang_Masuk!F:F) -> 940 | F17: =SUMIF(Barang_Keluar!D:D,A17,Barang_Keluar!F:F) -> 445 | G17: =current_stock[[#This Row],[Stock Awal]]+current_stock[[#This Row],[Qty Received]]-current_stock[[#This Row],[Qty Dispatched]] -> 808 | H17: =VLOOKUP(current_stock[[#This Row],[Item Code]],master_barang[],9,FALSE) -> 150 | I17: =VLOOKUP(current_stock[[#This Row],[Item Code]],master_barang[],11,FALSE) -> 75 | J17: =VLOOKUP(current_stock[[#This Row],[Item Code]],master_barang[],10,FALSE) -> 900 | K17: =IF(current_stock[[#This Row],[Qty Available]]<current_stock[[#This Row],[Re Order Point]],"Reorder Required",IF(current_stock[[#This Row],[Qty Available]]>current_stock[[#This Row],[Maximum Stock]],"Overstock","Safe Stock Level")) -> Safe Stock Level | M17: BEV039 | N17: Pocari Beverage Variant 39 | O17: Beverage | P17: Safe Stock Level | Q17: 333 | R17: 60 | S17: 332 | T17: 480
A18: BEV016 | B18: =VLOOKUP(current_stock[[#This Row],[Item Code]],master_barang[],2,FALSE) -> Sosro Beverage Variant 16 | C18: =VLOOKUP(current_stock[[#This Row],[Item Code]],master_barang[],3,FALSE) -> Beverage | D18: =VLOOKUP(current_stock[[#This Row],[Item Code]],stok_awal[],2,FALSE) -> 745 | E18: =SUMIF(Barang_Masuk!D:D,A18,Barang_Masuk!F:F) -> 430 | F18: =SUMIF(Barang_Keluar!D:D,A18,Barang_Keluar!F:F) -> 409 | G18: =current_stock[[#This Row],[Stock Awal]]+current_stock[[#This Row],[Qty Received]]-current_stock[[#This Row],[Qty Dispatched]] -> 766 | H18: =VLOOKUP(current_stock[[#This Row],[Item Code]],master_barang[],9,FALSE) -> 180 | I18: =VLOOKUP(current_stock[[#This Row],[Item Code]],master_barang[],11,FALSE) -> 90 | J18: =VLOOKUP(current_stock[[#This Row],[Item Code]],master_barang[],10,FALSE) -> 1080 | K18: =IF(current_stock[[#This Row],[Qty Available]]<current_stock[[#This Row],[Re Order Point]],"Reorder Required",IF(current_stock[[#This Row],[Qty Available]]>current_stock[[#This Row],[Maximum Stock]],"Overstock","Safe Stock Level")) -> Safe Stock Level | M18: BAB002 | N18: Zwitsal Baby Care Variant 2 | O18: Baby Care | P18: Safe Stock Level | Q18: 333 | R18: 120 | S18: 411 | T18: 490
A19: BEV017 | B19: =VLOOKUP(current_stock[[#This Row],[Item Code]],master_barang[],2,FALSE) -> Aqua Beverage Variant 17 | C19: =VLOOKUP(current_stock[[#This Row],[Item Code]],master_barang[],3,FALSE) -> Beverage | D19: =VLOOKUP(current_stock[[#This Row],[Item Code]],stok_awal[],2,FALSE) -> 286 | E19: =SUMIF(Barang_Masuk!D:D,A19,Barang_Masuk!F:F) -> 770 | F19: =SUMIF(Barang_Keluar!D:D,A19,Barang_Keluar!F:F) -> 335 | G19: =current_stock[[#This Row],[Stock Awal]]+current_stock[[#This Row],[Qty Received]]-current_stock[[#This Row],[Qty Dispatched]] -> 721 | H19: =VLOOKUP(current_stock[[#This Row],[Item Code]],master_barang[],9,FALSE) -> 120 | I19: =VLOOKUP(current_stock[[#This Row],[Item Code]],master_barang[],11,FALSE) -> 60 | J19: =VLOOKUP(current_stock[[#This Row],[Item Code]],master_barang[],10,FALSE) -> 600 | K19: =IF(current_stock[[#This Row],[Qty Available]]<current_stock[[#This Row],[Re Order Point]],"Reorder Required",IF(current_stock[[#This Row],[Qty Available]]>current_stock[[#This Row],[Maximum Stock]],"Overstock","Safe Stock Level")) -> Overstock | M19: BEV009 | N19: Aqua Beverage Variant 9 | O19: Beverage | P19: Safe Stock Level | Q19: 337 | R19: 100 | S19: 394 | T19: 370
A20: BEV018 | B20: =VLOOKUP(current_stock[[#This Row],[Item Code]],master_barang[],2,FALSE) -> Sosro Beverage Variant 18 | C20: =VLOOKUP(current_stock[[#This Row],[Item Code]],master_barang[],3,FALSE) -> Beverage | D20: =VLOOKUP(current_stock[[#This Row],[Item Code]],stok_awal[],2,FALSE) -> 2062 | E20: =SUMIF(Barang_Masuk!D:D,A20,Barang_Masuk!F:F) -> 790 | F20: =SUMIF(Barang_Keluar!D:D,A20,Barang_Keluar!F:F) -> 339 | G20: =current_stock[[#This Row],[Stock Awal]]+current_stock[[#This Row],[Qty Received]]-current_stock[[#This Row],[Qty Dispatched]] -> 2513 | H20: =VLOOKUP(current_stock[[#This Row],[Item Code]],master_barang[],9,FALSE) -> 500 | I20: =VLOOKUP(current_stock[[#This Row],[Item Code]],master_barang[],11,FALSE) -> 250 | J20: =VLOOKUP(current_stock[[#This Row],[Item Code]],master_barang[],10,FALSE) -> 2000 | K20: =IF(current_stock[[#This Row],[Qty Available]]<current_stock[[#This Row],[Re Order Point]],"Reorder Required",IF(current_stock[[#This Row],[Qty Available]]>current_stock[[#This Row],[Maximum Stock]],"Overstock","Safe Stock Level")) -> Overstock | M20: BAB009 | N20: MamyPoko Baby Care Variant 9 | O20: Baby Care | P20: Safe Stock Level | Q20: 338 | R20: 120 | S20: 232 | T20: 220
... A202: BAB020 | B202: =VLOOKUP(current_stock[[#This Row],[Item Code]],master_barang[],2,FALSE) -> Zwitsal Baby Care Variant 20 | C202: =VLOOKUP(current_stock[[#This Row],[Item Code]],master_barang[],3,FALSE) -> Baby Care | D202: =VLOOKUP(current_stock[[#This Row],[Item Code]],stok_awal[],2,FALSE) -> 1614 | E202: =SUMIF(Barang_Masuk!D:D,A202,Barang_Masuk!F:F) -> 620 | F202: =SUMIF(Barang_Keluar!D:D,A202,Barang_Keluar!F:F) -> 431 | G202: =current_stock[[#This Row],[Stock Awal]]+current_stock[[#This Row],[Qty Received]]-current_stock[[#This Row],[Qty Dispatched]] -> 1803 | H202: =VLOOKUP(current_stock[[#This Row],[Item Code]],master_barang[],9,FALSE) -> 400 | I202: =VLOOKUP(current_stock[[#This Row],[Item Code]],master_barang[],11,FALSE) -> 200 | J202: =VLOOKUP(current_stock[[#This Row],[Item Code]],master_barang[],10,FALSE) -> 1600 | K202: =IF(current_stock[[#This Row],[Qty Available]]<current_stock[[#This Row],[Re Order Point]],"Reorder Required",IF(current_stock[[#This Row],[Qty Available]]>current_stock[[#This Row],[Maximum Stock]],"Overstock","Safe Stock Level")) -> Overstock | M202: SNK031 | N202: Taro Snack Variant 31 | O202: Snack | P202: Overstock | Q202: 2808 | R202: 500 | S202: 261 | T202: 860
K203: Sum of % Avb Status

Sheet Data_Transaksi
A2: Reference Number | B2: Date | C2: Type | D2: Item Code | E2: Item Name | F2: Quantity | G2: Unit | H2: Supplier/Customer | I2: Helper
A3: GR202600001 | B3: =IF(LEFT(tbl_transaction[[#This Row],[Reference Number]],2)="GR",VLOOKUP(tbl_transaction[[#This Row],[Reference Number]],barang_masuk[],2,FALSE),IF(LEFT(tbl_transaction[[#This Row],[Reference Number]],2)="DO",VLOOKUP(tbl_transaction[[#This Row],[Reference Number]],barang_keluar[],2,FALSE),"")) -> 46088 | C3: =IF(LEFT(A3,2)="GR","Inbound",IF(LEFT(A3,2)="DO","Outbound","")) -> Inbound | D3: =IF(tbl_transaction[[#This Row],[Type]]="Inbound",VLOOKUP(tbl_transaction[[#This Row],[Reference Number]],barang_masuk[],4,FALSE),IF(tbl_transaction[[#This Row],[Type]]="Outbound",VLOOKUP(tbl_transaction[[#This Row],[Reference Number]],barang_keluar[],4,FALSE),"")) -> BAB018 | E3: =IF(tbl_transaction[[#This Row],[Type]]="Inbound",VLOOKUP(tbl_transaction[[#This Row],[Reference Number]],barang_masuk[],5,FALSE),IF(tbl_transaction[[#This Row],[Type]]="Outbound",VLOOKUP(tbl_transaction[[#This Row],[Reference Number]],barang_keluar[],5,FALSE),"")) -> MamyPoko Baby Care Variant 18 | F3: =IF(tbl_transaction[[#This Row],[Type]]="Inbound",VLOOKUP(tbl_transaction[[#This Row],[Reference Number]],barang_masuk[],6,FALSE),IF(tbl_transaction[[#This Row],[Type]]="Outbound",VLOOKUP(tbl_transaction[[#This Row],[Reference Number]],barang_keluar[],6,FALSE),"")) -> 20 | G3: =IF(tbl_transaction[[#This Row],[Type]]="Inbound",VLOOKUP(tbl_transaction[[#This Row],[Reference Number]],barang_masuk[],7,FALSE),IF(tbl_transaction[[#This Row],[Type]]="Outbound",VLOOKUP(tbl_transaction[[#This Row],[Reference Number]],barang_keluar[],7,FALSE),"")) -> Pack | H3: =IF(tbl_transaction[[#This Row],[Type]]="Inbound",VLOOKUP(tbl_transaction[[#This Row],[Reference Number]],barang_masuk[],3,FALSE),IF(tbl_transaction[[#This Row],[Type]]="Outbound",VLOOKUP(tbl_transaction[[#This Row],[Reference Number]],barang_keluar[],3,FALSE),"")) -> PT Supplier 34 | I3: =IF(D3='Kartu Stok'!$B$2,COUNTIF($D$3:D3,'Kartu Stok'!$B$2),"") -> 1
A4: GR202600002 | B4: =IF(LEFT(tbl_transaction[[#This Row],[Reference Number]],2)="GR",VLOOKUP(tbl_transaction[[#This Row],[Reference Number]],barang_masuk[],2,FALSE),IF(LEFT(tbl_transaction[[#This Row],[Reference Number]],2)="DO",VLOOKUP(tbl_transaction[[#This Row],[Reference Number]],barang_keluar[],2,FALSE),"")) -> 46024 | C4: =IF(LEFT(A4,2)="GR","Inbound",IF(LEFT(A4,2)="DO","Outbound","")) -> Inbound | D4: =IF(tbl_transaction[[#This Row],[Type]]="Inbound",VLOOKUP(tbl_transaction[[#This Row],[Reference Number]],barang_masuk[],4,FALSE),IF(tbl_transaction[[#This Row],[Type]]="Outbound",VLOOKUP(tbl_transaction[[#This Row],[Reference Number]],barang_keluar[],4,FALSE),"")) -> BAB005 | E4: =IF(tbl_transaction[[#This Row],[Type]]="Inbound",VLOOKUP(tbl_transaction[[#This Row],[Reference Number]],barang_masuk[],5,FALSE),IF(tbl_transaction[[#This Row],[Type]]="Outbound",VLOOKUP(tbl_transaction[[#This Row],[Reference Number]],barang_keluar[],5,FALSE),"")) -> Zwitsal Baby Care Variant 5 | F4: =IF(tbl_transaction[[#This Row],[Type]]="Inbound",VLOOKUP(tbl_transaction[[#This Row],[Reference Number]],barang_masuk[],6,FALSE),IF(tbl_transaction[[#This Row],[Type]]="Outbound",VLOOKUP(tbl_transaction[[#This Row],[Reference Number]],barang_keluar[],6,FALSE),"")) -> 150 | G4: =IF(tbl_transaction[[#This Row],[Type]]="Inbound",VLOOKUP(tbl_transaction[[#This Row],[Reference Number]],barang_masuk[],7,FALSE),IF(tbl_transaction[[#This Row],[Type]]="Outbound",VLOOKUP(tbl_transaction[[#This Row],[Reference Number]],barang_keluar[],7,FALSE),"")) -> Pack | H4: =IF(tbl_transaction[[#This Row],[Type]]="Inbound",VLOOKUP(tbl_transaction[[#This Row],[Reference Number]],barang_masuk[],3,FALSE),IF(tbl_transaction[[#This Row],[Type]]="Outbound",VLOOKUP(tbl_transaction[[#This Row],[Reference Number]],barang_keluar[],3,FALSE),"")) -> PT Supplier 18 | I4: =IF(D4='Kartu Stok'!$B$2,COUNTIF($D$3:D4,'Kartu Stok'!$B$2),"")
A5: GR202600003 | B5: =IF(LEFT(tbl_transaction[[#This Row],[Reference Number]],2)="GR",VLOOKUP(tbl_transaction[[#This Row],[Reference Number]],barang_masuk[],2,FALSE),IF(LEFT(tbl_transaction[[#This Row],[Reference Number]],2)="DO",VLOOKUP(tbl_transaction[[#This Row],[Reference Number]],barang_keluar[],2,FALSE),"")) -> 46051 | C5: =IF(LEFT(A5,2)="GR","Inbound",IF(LEFT(A5,2)="DO","Outbound","")) -> Inbound | D5: =IF(tbl_transaction[[#This Row],[Type]]="Inbound",VLOOKUP(tbl_transaction[[#This Row],[Reference Number]],barang_masuk[],4,FALSE),IF(tbl_transaction[[#This Row],[Type]]="Outbound",VLOOKUP(tbl_transaction[[#This Row],[Reference Number]],barang_keluar[],4,FALSE),"")) -> BAB012 | E5: =IF(tbl_transaction[[#This Row],[Type]]="Inbound",VLOOKUP(tbl_transaction[[#This Row],[Reference Number]],barang_masuk[],5,FALSE),IF(tbl_transaction[[#This Row],[Type]]="Outbound",VLOOKUP(tbl_transaction[[#This Row],[Reference Number]],barang_keluar[],5,FALSE),"")) -> MamyPoko Baby Care Variant 12 | F5: =IF(tbl_transaction[[#This Row],[Type]]="Inbound",VLOOKUP(tbl_transaction[[#This Row],[Reference Number]],barang_masuk[],6,FALSE),IF(tbl_transaction[[#This Row],[Type]]="Outbound",VLOOKUP(tbl_transaction[[#This Row],[Reference Number]],barang_keluar[],6,FALSE),"")) -> 120 | G5: =IF(tbl_transaction[[#This Row],[Type]]="Inbound",VLOOKUP(tbl_transaction[[#This Row],[Reference Number]],barang_masuk[],7,FALSE),IF(tbl_transaction[[#This Row],[Type]]="Outbound",VLOOKUP(tbl_transaction[[#This Row],[Reference Number]],barang_keluar[],7,FALSE),"")) -> Pack | H5: =IF(tbl_transaction[[#This Row],[Type]]="Inbound",VLOOKUP(tbl_transaction[[#This Row],[Reference Number]],barang_masuk[],3,FALSE),IF(tbl_transaction[[#This Row],[Type]]="Outbound",VLOOKUP(tbl_transaction[[#This Row],[Reference Number]],barang_keluar[],3,FALSE),"")) -> PT Supplier 08 | I5: =IF(D5='Kartu Stok'!$B$2,COUNTIF($D$3:D5,'Kartu Stok'!$B$2),"")
A6: GR202600004 | B6: =IF(LEFT(tbl_transaction[[#This Row],[Reference Number]],2)="GR",VLOOKUP(tbl_transaction[[#This Row],[Reference Number]],barang_masuk[],2,FALSE),IF(LEFT(tbl_transaction[[#This Row],[Reference Number]],2)="DO",VLOOKUP(tbl_transaction[[#This Row],[Reference Number]],barang_keluar[],2,FALSE),"")) -> 46099 | C6: =IF(LEFT(A6,2)="GR","Inbound",IF(LEFT(A6,2)="DO","Outbound","")) -> Inbound | D6: =IF(tbl_transaction[[#This Row],[Type]]="Inbound",VLOOKUP(tbl_transaction[[#This Row],[Reference Number]],barang_masuk[],4,FALSE),IF(tbl_transaction[[#This Row],[Type]]="Outbound",VLOOKUP(tbl_transaction[[#This Row],[Reference Number]],barang_keluar[],4,FALSE),"")) -> BEV034 | E6: =IF(tbl_transaction[[#This Row],[Type]]="Inbound",VLOOKUP(tbl_transaction[[#This Row],[Reference Number]],barang_masuk[],5,FALSE),IF(tbl_transaction[[#This Row],[Type]]="Outbound",VLOOKUP(tbl_transaction[[#This Row],[Reference Number]],barang_keluar[],5,FALSE),"")) -> Coca Cola Beverage Variant 34 | F6: =IF(tbl_transaction[[#This Row],[Type]]="Inbound",VLOOKUP(tbl_transaction[[#This Row],[Reference Number]],barang_masuk[],6,FALSE),IF(tbl_transaction[[#This Row],[Type]]="Outbound",VLOOKUP(tbl_transaction[[#This Row],[Reference Number]],barang_keluar[],6,FALSE),"")) -> 20 | G6: =IF(tbl_transaction[[#This Row],[Type]]="Inbound",VLOOKUP(tbl_transaction[[#This Row],[Reference Number]],barang_masuk[],7,FALSE),IF(tbl_transaction[[#This Row],[Type]]="Outbound",VLOOKUP(tbl_transaction[[#This Row],[Reference Number]],barang_keluar[],7,FALSE),"")) -> Bottle | H6: =IF(tbl_transaction[[#This Row],[Type]]="Inbound",VLOOKUP(tbl_transaction[[#This Row],[Reference Number]],barang_masuk[],3,FALSE),IF(tbl_transaction[[#This Row],[Type]]="Outbound",VLOOKUP(tbl_transaction[[#This Row],[Reference Number]],barang_keluar[],3,FALSE),"")) -> PT Supplier 03 | I6: =IF(D6='Kartu Stok'!$B$2,COUNTIF($D$3:D6,'Kartu Stok'!$B$2),"")
A7: GR202600005 | B7: =IF(LEFT(tbl_transaction[[#This Row],[Reference Number]],2)="GR",VLOOKUP(tbl_transaction[[#This Row],[Reference Number]],barang_masuk[],2,FALSE),IF(LEFT(tbl_transaction[[#This Row],[Reference Number]],2)="DO",VLOOKUP(tbl_transaction[[#This Row],[Reference Number]],barang_keluar[],2,FALSE),"")) -> 46096 | C7: =IF(LEFT(A7,2)="GR","Inbound",IF(LEFT(A7,2)="DO","Outbound","")) -> Inbound | D7: =IF(tbl_transaction[[#This Row],[Type]]="Inbound",VLOOKUP(tbl_transaction[[#This Row],[Reference Number]],barang_masuk[],4,FALSE),IF(tbl_transaction[[#This Row],[Type]]="Outbound",VLOOKUP(tbl_transaction[[#This Row],[Reference Number]],barang_keluar[],4,FALSE),"")) -> SNK034 | E7: =IF(tbl_transaction[[#This Row],[Type]]="Inbound",VLOOKUP(tbl_transaction[[#This Row],[Reference Number]],barang_masuk[],5,FALSE),IF(tbl_transaction[[#This Row],[Type]]="Outbound",VLOOKUP(tbl_transaction[[#This Row],[Reference Number]],barang_keluar[],5,FALSE),"")) -> Taro Snack Variant 34 | F7: =IF(tbl_transaction[[#This Row],[Type]]="Inbound",VLOOKUP(tbl_transaction[[#This Row],[Reference Number]],barang_masuk[],6,FALSE),IF(tbl_transaction[[#This Row],[Type]]="Outbound",VLOOKUP(tbl_transaction[[#This Row],[Reference Number]],barang_keluar[],6,FALSE),"")) -> 20 | G7: =IF(tbl_transaction[[#This Row],[Type]]="Inbound",VLOOKUP(tbl_transaction[[#This Row],[Reference Number]],barang_masuk[],7,FALSE),IF(tbl_transaction[[#This Row],[Type]]="Outbound",VLOOKUP(tbl_transaction[[#This Row],[Reference Number]],barang_keluar[],7,FALSE),"")) -> Pack | H7: =IF(tbl_transaction[[#This Row],[Type]]="Inbound",VLOOKUP(tbl_transaction[[#This Row],[Reference Number]],barang_masuk[],3,FALSE),IF(tbl_transaction[[#This Row],[Type]]="Outbound",VLOOKUP(tbl_transaction[[#This Row],[Reference Number]],barang_keluar[],3,FALSE),"")) -> PT Supplier 20 | I7: =IF(D7='Kartu Stok'!$B$2,COUNTIF($D$3:D7,'Kartu Stok'!$B$2),"")
A8: GR202600006 | B8: =IF(LEFT(tbl_transaction[[#This Row],[Reference Number]],2)="GR",VLOOKUP(tbl_transaction[[#This Row],[Reference Number]],barang_masuk[],2,FALSE),IF(LEFT(tbl_transaction[[#This Row],[Reference Number]],2)="DO",VLOOKUP(tbl_transaction[[#This Row],[Reference Number]],barang_keluar[],2,FALSE),"")) -> 46023 | C8: =IF(LEFT(A8,2)="GR","Inbound",IF(LEFT(A8,2)="DO","Outbound","")) -> Inbound | D8: =IF(tbl_transaction[[#This Row],[Type]]="Inbound",VLOOKUP(tbl_transaction[[#This Row],[Reference Number]],barang_masuk[],4,FALSE),IF(tbl_transaction[[#This Row],[Type]]="Outbound",VLOOKUP(tbl_transaction[[#This Row],[Reference Number]],barang_keluar[],4,FALSE),"")) -> PER007 | E8: =IF(tbl_transaction[[#This Row],[Type]]="Inbound",VLOOKUP(tbl_transaction[[#This Row],[Reference Number]],barang_masuk[],5,FALSE),IF(tbl_transaction[[#This Row],[Type]]="Outbound",VLOOKUP(tbl_transaction[[#This Row],[Reference Number]],barang_keluar[],5,FALSE),"")) -> Pepsodent Personal Care Variant 7 | F8: =IF(tbl_transaction[[#This Row],[Type]]="Inbound",VLOOKUP(tbl_transaction[[#This Row],[Reference Number]],barang_masuk[],6,FALSE),IF(tbl_transaction[[#This Row],[Type]]="Outbound",VLOOKUP(tbl_transaction[[#This Row],[Reference Number]],barang_keluar[],6,FALSE),"")) -> 20 | G8: =IF(tbl_transaction[[#This Row],[Type]]="Inbound",VLOOKUP(tbl_transaction[[#This Row],[Reference Number]],barang_masuk[],7,FALSE),IF(tbl_transaction[[#This Row],[Type]]="Outbound",VLOOKUP(tbl_transaction[[#This Row],[Reference Number]],barang_keluar[],7,FALSE),"")) -> Bottle | H8: =IF(tbl_transaction[[#This Row],[Type]]="Inbound",VLOOKUP(tbl_transaction[[#This Row],[Reference Number]],barang_masuk[],3,FALSE),IF(tbl_transaction[[#This Row],[Type]]="Outbound",VLOOKUP(tbl_transaction[[#This Row],[Reference Number]],barang_keluar[],3,FALSE),"")) -> PT Supplier 21 | I8: =IF(D8='Kartu Stok'!$B$2,COUNTIF($D$3:D8,'Kartu Stok'!$B$2),"")
A9: GR202600007 | B9: =IF(LEFT(tbl_transaction[[#This Row],[Reference Number]],2)="GR",VLOOKUP(tbl_transaction[[#This Row],[Reference Number]],barang_masuk[],2,FALSE),IF(LEFT(tbl_transaction[[#This Row],[Reference Number]],2)="DO",VLOOKUP(tbl_transaction[[#This Row],[Reference Number]],barang_keluar[],2,FALSE),"")) -> 46078 | C9: =IF(LEFT(A9,2)="GR","Inbound",IF(LEFT(A9,2)="DO","Outbound","")) -> Inbound | D9: =IF(tbl_transaction[[#This Row],[Type]]="Inbound",VLOOKUP(tbl_transaction[[#This Row],[Reference Number]],barang_masuk[],4,FALSE),IF(tbl_transaction[[#This Row],[Type]]="Outbound",VLOOKUP(tbl_transaction[[#This Row],[Reference Number]],barang_keluar[],4,FALSE),"")) -> SNK016 | E9: =IF(tbl_transaction[[#This Row],[Type]]="Inbound",VLOOKUP(tbl_transaction[[#This Row],[Reference Number]],barang_masuk[],5,FALSE),IF(tbl_transaction[[#This Row],[Type]]="Outbound",VLOOKUP(tbl_transaction[[#This Row],[Reference Number]],barang_keluar[],5,FALSE),"")) -> Qtela Snack Variant 16 | F9: =IF(tbl_transaction[[#This Row],[Type]]="Inbound",VLOOKUP(tbl_transaction[[#This Row],[Reference Number]],barang_masuk[],6,FALSE),IF(tbl_transaction[[#This Row],[Type]]="Outbound",VLOOKUP(tbl_transaction[[#This Row],[Reference Number]],barang_keluar[],6,FALSE),"")) -> 200 | G9: =IF(tbl_transaction[[#This Row],[Type]]="Inbound",VLOOKUP(tbl_transaction[[#This Row],[Reference Number]],barang_masuk[],7,FALSE),IF(tbl_transaction[[#This Row],[Type]]="Outbound",VLOOKUP(tbl_transaction[[#This Row],[Reference Number]],barang_keluar[],7,FALSE),"")) -> Pack | H9: =IF(tbl_transaction[[#This Row],[Type]]="Inbound",VLOOKUP(tbl_transaction[[#This Row],[Reference Number]],barang_masuk[],3,FALSE),IF(tbl_transaction[[#This Row],[Type]]="Outbound",VLOOKUP(tbl_transaction[[#This Row],[Reference Number]],barang_keluar[],3,FALSE),"")) -> PT Supplier 12 | I9: =IF(D9='Kartu Stok'!$B$2,COUNTIF($D$3:D9,'Kartu Stok'!$B$2),"")
A10: GR202600008 | B10: =IF(LEFT(tbl_transaction[[#This Row],[Reference Number]],2)="GR",VLOOKUP(tbl_transaction[[#This Row],[Reference Number]],barang_masuk[],2,FALSE),IF(LEFT(tbl_transaction[[#This Row],[Reference Number]],2)="DO",VLOOKUP(tbl_transaction[[#This Row],[Reference Number]],barang_keluar[],2,FALSE),"")) -> 46143 | C10: =IF(LEFT(A10,2)="GR","Inbound",IF(LEFT(A10,2)="DO","Outbound","")) -> Inbound | D10: =IF(tbl_transaction[[#This Row],[Type]]="Inbound",VLOOKUP(tbl_transaction[[#This Row],[Reference Number]],barang_masuk[],4,FALSE),IF(tbl_transaction[[#This Row],[Type]]="Outbound",VLOOKUP(tbl_transaction[[#This Row],[Reference Number]],barang_keluar[],4,FALSE),"")) -> SNK025 | E10: =IF(tbl_transaction[[#This Row],[Type]]="Inbound",VLOOKUP(tbl_transaction[[#This Row],[Reference Number]],barang_masuk[],5,FALSE),IF(tbl_transaction[[#This Row],[Type]]="Outbound",VLOOKUP(tbl_transaction[[#This Row],[Reference Number]],barang_keluar[],5,FALSE),"")) -> Qtela Snack Variant 25 | F10: =IF(tbl_transaction[[#This Row],[Type]]="Inbound",VLOOKUP(tbl_transaction[[#This Row],[Reference Number]],barang_masuk[],6,FALSE),IF(tbl_transaction[[#This Row],[Type]]="Outbound",VLOOKUP(tbl_transaction[[#This Row],[Reference Number]],barang_keluar[],6,FALSE),"")) -> 200 | G10: =IF(tbl_transaction[[#This Row],[Type]]="Inbound",VLOOKUP(tbl_transaction[[#This Row],[Reference Number]],barang_masuk[],7,FALSE),IF(tbl_transaction[[#This Row],[Type]]="Outbound",VLOOKUP(tbl_transaction[[#This Row],[Reference Number]],barang_keluar[],7,FALSE),"")) -> Pack | H10: =IF(tbl_transaction[[#This Row],[Type]]="Inbound",VLOOKUP(tbl_transaction[[#This Row],[Reference Number]],barang_masuk[],3,FALSE),IF(tbl_transaction[[#This Row],[Type]]="Outbound",VLOOKUP(tbl_transaction[[#This Row],[Reference Number]],barang_keluar[],3,FALSE),"")) -> PT Supplier 14 | I10: =IF(D10='Kartu Stok'!$B$2,COUNTIF($D$3:D10,'Kartu Stok'!$B$2),"")
A11: GR202600009 | B11: =IF(LEFT(tbl_transaction[[#This Row],[Reference Number]],2)="GR",VLOOKUP(tbl_transaction[[#This Row],[Reference Number]],barang_masuk[],2,FALSE),IF(LEFT(tbl_transaction[[#This Row],[Reference Number]],2)="DO",VLOOKUP(tbl_transaction[[#This Row],[Reference Number]],barang_keluar[],2,FALSE),"")) -> 46186 | C11: =IF(LEFT(A11,2)="GR","Inbound",IF(LEFT(A11,2)="DO","Outbound","")) -> Inbound | D11: =IF(tbl_transaction[[#This Row],[Type]]="Inbound",VLOOKUP(tbl_transaction[[#This Row],[Reference Number]],barang_masuk[],4,FALSE),IF(tbl_transaction[[#This Row],[Type]]="Outbound",VLOOKUP(tbl_transaction[[#This Row],[Reference Number]],barang_keluar[],4,FALSE),"")) -> SNK021 | E11: =IF(tbl_transaction[[#This Row],[Type]]="Inbound",VLOOKUP(tbl_transaction[[#This Row],[Reference Number]],barang_masuk[],5,FALSE),IF(tbl_transaction[[#This Row],[Type]]="Outbound",VLOOKUP(tbl_transaction[[#This Row],[Reference Number]],barang_keluar[],5,FALSE),"")) -> Qtela Snack Variant 21 | F11: =IF(tbl_transaction[[#This Row],[Type]]="Inbound",VLOOKUP(tbl_transaction[[#This Row],[Reference Number]],barang_masuk[],6,FALSE),IF(tbl_transaction[[#This Row],[Type]]="Outbound",VLOOKUP(tbl_transaction[[#This Row],[Reference Number]],barang_keluar[],6,FALSE),"")) -> 60 | G11: =IF(tbl_transaction[[#This Row],[Type]]="Inbound",VLOOKUP(tbl_transaction[[#This Row],[Reference Number]],barang_masuk[],7,FALSE),IF(tbl_transaction[[#This Row],[Type]]="Outbound",VLOOKUP(tbl_transaction[[#This Row],[Reference Number]],barang_keluar[],7,FALSE),"")) -> Pack | H11: =IF(tbl_transaction[[#This Row],[Type]]="Inbound",VLOOKUP(tbl_transaction[[#This Row],[Reference Number]],barang_masuk[],3,FALSE),IF(tbl_transaction[[#This Row],[Type]]="Outbound",VLOOKUP(tbl_transaction[[#This Row],[Reference Number]],barang_keluar[],3,FALSE),"")) -> PT Supplier 27 | I11: =IF(D11='Kartu Stok'!$B$2,COUNTIF($D$3:D11,'Kartu Stok'!$B$2),"")
A12: GR202600010 | B12: =IF(LEFT(tbl_transaction[[#This Row],[Reference Number]],2)="GR",VLOOKUP(tbl_transaction[[#This Row],[Reference Number]],barang_masuk[],2,FALSE),IF(LEFT(tbl_transaction[[#This Row],[Reference Number]],2)="DO",VLOOKUP(tbl_transaction[[#This Row],[Reference Number]],barang_keluar[],2,FALSE),"")) -> 46175 | C12: =IF(LEFT(A12,2)="GR","Inbound",IF(LEFT(A12,2)="DO","Outbound","")) -> Inbound | D12: =IF(tbl_transaction[[#This Row],[Type]]="Inbound",VLOOKUP(tbl_transaction[[#This Row],[Reference Number]],barang_masuk[],4,FALSE),IF(tbl_transaction[[#This Row],[Type]]="Outbound",VLOOKUP(tbl_transaction[[#This Row],[Reference Number]],barang_keluar[],4,FALSE),"")) -> PER006 | E12: =IF(tbl_transaction[[#This Row],[Type]]="Inbound",VLOOKUP(tbl_transaction[[#This Row],[Reference Number]],barang_masuk[],5,FALSE),IF(tbl_transaction[[#This Row],[Type]]="Outbound",VLOOKUP(tbl_transaction[[#This Row],[Reference Number]],barang_keluar[],5,FALSE),"")) -> Lifebuoy Personal Care Variant 6 | F12: =IF(tbl_transaction[[#This Row],[Type]]="Inbound",VLOOKUP(tbl_transaction[[#This Row],[Reference Number]],barang_masuk[],6,FALSE),IF(tbl_transaction[[#This Row],[Type]]="Outbound",VLOOKUP(tbl_transaction[[#This Row],[Reference Number]],barang_keluar[],6,FALSE),"")) -> 150 | G12: =IF(tbl_transaction[[#This Row],[Type]]="Inbound",VLOOKUP(tbl_transaction[[#This Row],[Reference Number]],barang_masuk[],7,FALSE),IF(tbl_transaction[[#This Row],[Type]]="Outbound",VLOOKUP(tbl_transaction[[#This Row],[Reference Number]],barang_keluar[],7,FALSE),"")) -> Bottle | H12: =IF(tbl_transaction[[#This Row],[Type]]="Inbound",VLOOKUP(tbl_transaction[[#This Row],[Reference Number]],barang_masuk[],3,FALSE),IF(tbl_transaction[[#This Row],[Type]]="Outbound",VLOOKUP(tbl_transaction[[#This Row],[Reference Number]],barang_keluar[],3,FALSE),"")) -> PT Supplier 10 | I12: =IF(D12='Kartu Stok'!$B$2,COUNTIF($D$3:D12,'Kartu Stok'!$B$2),"")
A13: GR202600011 | B13: =IF(LEFT(tbl_transaction[[#This Row],[Reference Number]],2)="GR",VLOOKUP(tbl_transaction[[#This Row],[Reference Number]],barang_masuk[],2,FALSE),IF(LEFT(tbl_transaction[[#This Row],[Reference Number]],2)="DO",VLOOKUP(tbl_transaction[[#This Row],[Reference Number]],barang_keluar[],2,FALSE),"")) -> 46120 | C13: =IF(LEFT(A13,2)="GR","Inbound",IF(LEFT(A13,2)="DO","Outbound","")) -> Inbound | D13: =IF(tbl_transaction[[#This Row],[Type]]="Inbound",VLOOKUP(tbl_transaction[[#This Row],[Reference Number]],barang_masuk[],4,FALSE),IF(tbl_transaction[[#This Row],[Type]]="Outbound",VLOOKUP(tbl_transaction[[#This Row],[Reference Number]],barang_keluar[],4,FALSE),"")) -> BAB020 | E13: =IF(tbl_transaction[[#This Row],[Type]]="Inbound",VLOOKUP(tbl_transaction[[#This Row],[Reference Number]],barang_masuk[],5,FALSE),IF(tbl_transaction[[#This Row],[Type]]="Outbound",VLOOKUP(tbl_transaction[[#This Row],[Reference Number]],barang_keluar[],5,FALSE),"")) -> Zwitsal Baby Care Variant 20 | F13: =IF(tbl_transaction[[#This Row],[Type]]="Inbound",VLOOKUP(tbl_transaction[[#This Row],[Reference Number]],barang_masuk[],6,FALSE),IF(tbl_transaction[[#This Row],[Type]]="Outbound",VLOOKUP(tbl_transaction[[#This Row],[Reference Number]],barang_keluar[],6,FALSE),"")) -> 40 | G13: =IF(tbl_transaction[[#This Row],[Type]]="Inbound",VLOOKUP(tbl_transaction[[#This Row],[Reference Number]],barang_masuk[],7,FALSE),IF(tbl_transaction[[#This Row],[Type]]="Outbound",VLOOKUP(tbl_transaction[[#This Row],[Reference Number]],barang_keluar[],7,FALSE),"")) -> Pack | H13: =IF(tbl_transaction[[#This Row],[Type]]="Inbound",VLOOKUP(tbl_transaction[[#This Row],[Reference Number]],barang_masuk[],3,FALSE),IF(tbl_transaction[[#This Row],[Type]]="Outbound",VLOOKUP(tbl_transaction[[#This Row],[Reference Number]],barang_keluar[],3,FALSE),"")) -> PT Supplier 11 | I13: =IF(D13='Kartu Stok'!$B$2,COUNTIF($D$3:D13,'Kartu Stok'!$B$2),"")
A14: GR202600012 | B14: =IF(LEFT(tbl_transaction[[#This Row],[Reference Number]],2)="GR",VLOOKUP(tbl_transaction[[#This Row],[Reference Number]],barang_masuk[],2,FALSE),IF(LEFT(tbl_transaction[[#This Row],[Reference Number]],2)="DO",VLOOKUP(tbl_transaction[[#This Row],[Reference Number]],barang_keluar[],2,FALSE),"")) -> 46152 | C14: =IF(LEFT(A14,2)="GR","Inbound",IF(LEFT(A14,2)="DO","Outbound","")) -> Inbound | D14: =IF(tbl_transaction[[#This Row],[Type]]="Inbound",VLOOKUP(tbl_transaction[[#This Row],[Reference Number]],barang_masuk[],4,FALSE),IF(tbl_transaction[[#This Row],[Type]]="Outbound",VLOOKUP(tbl_transaction[[#This Row],[Reference Number]],barang_keluar[],4,FALSE),"")) -> PER005 | E14: =IF(tbl_transaction[[#This Row],[Type]]="Inbound",VLOOKUP(tbl_transaction[[#This Row],[Reference Number]],barang_masuk[],5,FALSE),IF(tbl_transaction[[#This Row],[Type]]="Outbound",VLOOKUP(tbl_transaction[[#This Row],[Reference Number]],barang_keluar[],5,FALSE),"")) -> Pepsodent Personal Care Variant 5 | F14: =IF(tbl_transaction[[#This Row],[Type]]="Inbound",VLOOKUP(tbl_transaction[[#This Row],[Reference Number]],barang_masuk[],6,FALSE),IF(tbl_transaction[[#This Row],[Type]]="Outbound",VLOOKUP(tbl_transaction[[#This Row],[Reference Number]],barang_keluar[],6,FALSE),"")) -> 40 | G14: =IF(tbl_transaction[[#This Row],[Type]]="Inbound",VLOOKUP(tbl_transaction[[#This Row],[Reference Number]],barang_masuk[],7,FALSE),IF(tbl_transaction[[#This Row],[Type]]="Outbound",VLOOKUP(tbl_transaction[[#This Row],[Reference Number]],barang_keluar[],7,FALSE),"")) -> Bottle | H14: =IF(tbl_transaction[[#This Row],[Type]]="Inbound",VLOOKUP(tbl_transaction[[#This Row],[Reference Number]],barang_masuk[],3,FALSE),IF(tbl_transaction[[#This Row],[Type]]="Outbound",VLOOKUP(tbl_transaction[[#This Row],[Reference Number]],barang_keluar[],3,FALSE),"")) -> PT Supplier 25 | I14: =IF(D14='Kartu Stok'!$B$2,COUNTIF($D$3:D14,'Kartu Stok'!$B$2),"")
... A4002: DO202602500 | B4002: =IF(LEFT(tbl_transaction[[#This Row],[Reference Number]],2)="GR",VLOOKUP(tbl_transaction[[#This Row],[Reference Number]],barang_masuk[],2,FALSE),IF(LEFT(tbl_transaction[[#This Row],[Reference Number]],2)="DO",VLOOKUP(tbl_transaction[[#This Row],[Reference Number]],barang_keluar[],2,FALSE),"")) -> 46061 | C4002: =IF(LEFT(A4002,2)="GR","Inbound",IF(LEFT(A4002,2)="DO","Outbound","")) -> Outbound | D4002: =IF(tbl_transaction[[#This Row],[Type]]="Inbound",VLOOKUP(tbl_transaction[[#This Row],[Reference Number]],barang_masuk[],4,FALSE),IF(tbl_transaction[[#This Row],[Type]]="Outbound",VLOOKUP(tbl_transaction[[#This Row],[Reference Number]],barang_keluar[],4,FALSE),"")) -> PER002 | E4002: =IF(tbl_transaction[[#This Row],[Type]]="Inbound",VLOOKUP(tbl_transaction[[#This Row],[Reference Number]],barang_masuk[],5,FALSE),IF(tbl_transaction[[#This Row],[Type]]="Outbound",VLOOKUP(tbl_transaction[[#This Row],[Reference Number]],barang_keluar[],5,FALSE),"")) -> Lifebuoy Personal Care Variant 2 | F4002: =IF(tbl_transaction[[#This Row],[Type]]="Inbound",VLOOKUP(tbl_transaction[[#This Row],[Reference Number]],barang_masuk[],6,FALSE),IF(tbl_transaction[[#This Row],[Type]]="Outbound",VLOOKUP(tbl_transaction[[#This Row],[Reference Number]],barang_keluar[],6,FALSE),"")) -> 10 | G4002: =IF(tbl_transaction[[#This Row],[Type]]="Inbound",VLOOKUP(tbl_transaction[[#This Row],[Reference Number]],barang_masuk[],7,FALSE),IF(tbl_transaction[[#This Row],[Type]]="Outbound",VLOOKUP(tbl_transaction[[#This Row],[Reference Number]],barang_keluar[],7,FALSE),"")) -> Bottle | H4002: =IF(tbl_transaction[[#This Row],[Type]]="Inbound",VLOOKUP(tbl_transaction[[#This Row],[Reference Number]],barang_masuk[],3,FALSE),IF(tbl_transaction[[#This Row],[Type]]="Outbound",VLOOKUP(tbl_transaction[[#This Row],[Reference Number]],barang_keluar[],3,FALSE),"")) -> Outlet 075 | I4002: =IF(D4002='Kartu Stok'!$B$2,COUNTIF($D$3:D4002,'Kartu Stok'!$B$2),"")

Sheet Kartu Stok
A1: STOCK CARD
A2: Pilih Barang | B2: BAB018 | E2: Stock on Hand
A3: Nama Barang | B3: =VLOOKUP(B2,master_barang[],2,FALSE) -> MamyPoko Baby Care Variant 18 | E3: =E7+SUM($C$8:$C$1000)-SUM($D$8:$D$1000) -> 1172
A4: Satuan | B4: =VLOOKUP(B2,master_barang[],5,FALSE) -> Pack
A6: Date | B6: Reference Number | C6: Inbound | D6: Outbound | E6: Stock on Hand
A7: Saldo awal | E7: =VLOOKUP(B2,stok_awal[],2,FALSE) -> 906
A8: =IFERROR(INDEX(Data_Transaksi!$B$3:$B$5000,MATCH(ROWS($A$8:A8),Data_Transaksi!$I$3:$I$5000,0)),"") -> 46088 | B8: =IFERROR(INDEX(Data_Transaksi!$A$3:$A$5000,MATCH(ROWS($A$8:A8),Data_Transaksi!$I$3:$I$5000,0)),"") -> GR202600001 | C8: =IFERROR(IF(INDEX(Data_Transaksi!$C$3:$C$5000,MATCH(ROWS($A$8:A8),Data_Transaksi!$I$3:$I$5000,0))="Inbound",INDEX(Data_Transaksi!$F$3:$F$5000,MATCH(ROWS($A$8:A8),Data_Transaksi!$I$3:$I$5000,0)),""),"") -> 20 | D8: =IFERROR(IF(INDEX(Data_Transaksi!$C$3:$C$5000,MATCH(ROWS($A$8:A8),Data_Transaksi!$I$3:$I$5000,0))="Outbound",INDEX(Data_Transaksi!$F$3:$F$5000,MATCH(ROWS($A$8:A8),Data_Transaksi!$I$3:$I$5000,0)),""),"") | E8: =IF(A8="","",E7+IF(C8="",0,C8)-IF(D8="",0,D8)) -> 926
A9: =IFERROR(INDEX(Data_Transaksi!$B$3:$B$5000,MATCH(ROWS($A$8:A9),Data_Transaksi!$I$3:$I$5000,0)),"") -> 46054 | B9: =IFERROR(INDEX(Data_Transaksi!$A$3:$A$5000,MATCH(ROWS($A$8:A9),Data_Transaksi!$I$3:$I$5000,0)),"") -> GR202600211 | C9: =IFERROR(IF(INDEX(Data_Transaksi!$C$3:$C$5000,MATCH(ROWS($A$8:A9),Data_Transaksi!$I$3:$I$5000,0))="Inbound",INDEX(Data_Transaksi!$F$3:$F$5000,MATCH(ROWS($A$8:A9),Data_Transaksi!$I$3:$I$5000,0)),""),"") -> 40 | D9: =IFERROR(IF(INDEX(Data_Transaksi!$C$3:$C$5000,MATCH(ROWS($A$8:A9),Data_Transaksi!$I$3:$I$5000,0))="Outbound",INDEX(Data_Transaksi!$F$3:$F$5000,MATCH(ROWS($A$8:A9),Data_Transaksi!$I$3:$I$5000,0)),""),"") | E9: =IF(A9="","",E8+IF(C9="",0,C9)-IF(D9="",0,D9)) -> 966
A10: =IFERROR(INDEX(Data_Transaksi!$B$3:$B$5000,MATCH(ROWS($A$8:A10),Data_Transaksi!$I$3:$I$5000,0)),"") -> 46157 | B10: =IFERROR(INDEX(Data_Transaksi!$A$3:$A$5000,MATCH(ROWS($A$8:A10),Data_Transaksi!$I$3:$I$5000,0)),"") -> GR202600214 | C10: =IFERROR(IF(INDEX(Data_Transaksi!$C$3:$C$5000,MATCH(ROWS($A$8:A10),Data_Transaksi!$I$3:$I$5000,0))="Inbound",INDEX(Data_Transaksi!$F$3:$F$5000,MATCH(ROWS($A$8:A10),Data_Transaksi!$I$3:$I$5000,0)),""),"") -> 50 | D10: =IFERROR(IF(INDEX(Data_Transaksi!$C$3:$C$5000,MATCH(ROWS($A$8:A10),Data_Transaksi!$I$3:$I$5000,0))="Outbound",INDEX(Data_Transaksi!$F$3:$F$5000,MATCH(ROWS($A$8:A10),Data_Transaksi!$I$3:$I$5000,0)),""),"") | E10: =IF(A10="","",E9+IF(C10="",0,C10)-IF(D10="",0,D10)) -> 1016
A11: =IFERROR(INDEX(Data_Transaksi!$B$3:$B$5000,MATCH(ROWS($A$8:A11),Data_Transaksi!$I$3:$I$5000,0)),"") -> 46062 | B11: =IFERROR(INDEX(Data_Transaksi!$A$3:$A$5000,MATCH(ROWS($A$8:A11),Data_Transaksi!$I$3:$I$5000,0)),"") -> GR202600305 | C11: =IFERROR(IF(INDEX(Data_Transaksi!$C$3:$C$5000,MATCH(ROWS($A$8:A11),Data_Transaksi!$I$3:$I$5000,0))="Inbound",INDEX(Data_Transaksi!$F$3:$F$5000,MATCH(ROWS($A$8:A11),Data_Transaksi!$I$3:$I$5000,0)),""),"") -> 30 | D11: =IFERROR(IF(INDEX(Data_Transaksi!$C$3:$C$5000,MATCH(ROWS($A$8:A11),Data_Transaksi!$I$3:$I$5000,0))="Outbound",INDEX(Data_Transaksi!$F$3:$F$5000,MATCH(ROWS($A$8:A11),Data_Transaksi!$I$3:$I$5000,0)),""),"") | E11: =IF(A11="","",E10+IF(C11="",0,C11)-IF(D11="",0,D11)) -> 1046
A12: =IFERROR(INDEX(Data_Transaksi!$B$3:$B$5000,MATCH(ROWS($A$8:A12),Data_Transaksi!$I$3:$I$5000,0)),"") -> 46072 | B12: =IFERROR(INDEX(Data_Transaksi!$A$3:$A$5000,MATCH(ROWS($A$8:A12),Data_Transaksi!$I$3:$I$5000,0)),"") -> GR202600600 | C12: =IFERROR(IF(INDEX(Data_Transaksi!$C$3:$C$5000,MATCH(ROWS($A$8:A12),Data_Transaksi!$I$3:$I$5000,0))="Inbound",INDEX(Data_Transaksi!$F$3:$F$5000,MATCH(ROWS($A$8:A12),Data_Transaksi!$I$3:$I$5000,0)),""),"") -> 150 | D12: =IFERROR(IF(INDEX(Data_Transaksi!$C$3:$C$5000,MATCH(ROWS($A$8:A12),Data_Transaksi!$I$3:$I$5000,0))="Outbound",INDEX(Data_Transaksi!$F$3:$F$5000,MATCH(ROWS($A$8:A12),Data_Transaksi!$I$3:$I$5000,0)),""),"") | E12: =IF(A12="","",E11+IF(C12="",0,C12)-IF(D12="",0,D12)) -> 1196
A13: =IFERROR(INDEX(Data_Transaksi!$B$3:$B$5000,MATCH(ROWS($A$8:A13),Data_Transaksi!$I$3:$I$5000,0)),"") -> 46174 | B13: =IFERROR(INDEX(Data_Transaksi!$A$3:$A$5000,MATCH(ROWS($A$8:A13),Data_Transaksi!$I$3:$I$5000,0)),"") -> GR202600654 | C13: =IFERROR(IF(INDEX(Data_Transaksi!$C$3:$C$5000,MATCH(ROWS($A$8:A13),Data_Transaksi!$I$3:$I$5000,0))="Inbound",INDEX(Data_Transaksi!$F$3:$F$5000,MATCH(ROWS($A$8:A13),Data_Transaksi!$I$3:$I$5000,0)),""),"") -> 60 | D13: =IFERROR(IF(INDEX(Data_Transaksi!$C$3:$C$5000,MATCH(ROWS($A$8:A13),Data_Transaksi!$I$3:$I$5000,0))="Outbound",INDEX(Data_Transaksi!$F$3:$F$5000,MATCH(ROWS($A$8:A13),Data_Transaksi!$I$3:$I$5000,0)),""),"") | E13: =IF(A13="","",E12+IF(C13="",0,C13)-IF(D13="",0,D13)) -> 1256
A14: =IFERROR(INDEX(Data_Transaksi!$B$3:$B$5000,MATCH(ROWS($A$8:A14),Data_Transaksi!$I$3:$I$5000,0)),"") -> 46028 | B14: =IFERROR(INDEX(Data_Transaksi!$A$3:$A$5000,MATCH(ROWS($A$8:A14),Data_Transaksi!$I$3:$I$5000,0)),"") -> GR202600752 | C14: =IFERROR(IF(INDEX(Data_Transaksi!$C$3:$C$5000,MATCH(ROWS($A$8:A14),Data_Transaksi!$I$3:$I$5000,0))="Inbound",INDEX(Data_Transaksi!$F$3:$F$5000,MATCH(ROWS($A$8:A14),Data_Transaksi!$I$3:$I$5000,0)),""),"") -> 40 | D14: =IFERROR(IF(INDEX(Data_Transaksi!$C$3:$C$5000,MATCH(ROWS($A$8:A14),Data_Transaksi!$I$3:$I$5000,0))="Outbound",INDEX(Data_Transaksi!$F$3:$F$5000,MATCH(ROWS($A$8:A14),Data_Transaksi!$I$3:$I$5000,0)),""),"") | E14: =IF(A14="","",E13+IF(C14="",0,C14)-IF(D14="",0,D14)) -> 1296
A15: =IFERROR(INDEX(Data_Transaksi!$B$3:$B$5000,MATCH(ROWS($A$8:A15),Data_Transaksi!$I$3:$I$5000,0)),"") -> 46163 | B15: =IFERROR(INDEX(Data_Transaksi!$A$3:$A$5000,MATCH(ROWS($A$8:A15),Data_Transaksi!$I$3:$I$5000,0)),"") -> GR202601112 | C15: =IFERROR(IF(INDEX(Data_Transaksi!$C$3:$C$5000,MATCH(ROWS($A$8:A15),Data_Transaksi!$I$3:$I$5000,0))="Inbound",INDEX(Data_Transaksi!$F$3:$F$5000,MATCH(ROWS($A$8:A15),Data_Transaksi!$I$3:$I$5000,0)),""),"") -> 150 | D15: =IFERROR(IF(INDEX(Data_Transaksi!$C$3:$C$5000,MATCH(ROWS($A$8:A15),Data_Transaksi!$I$3:$I$5000,0))="Outbound",INDEX(Data_Transaksi!$F$3:$F$5000,MATCH(ROWS($A$8:A15),Data_Transaksi!$I$3:$I$5000,0)),""),"") | E15: =IF(A15="","",E14+IF(C15="",0,C15)-IF(D15="",0,D15)) -> 1446
A16: =IFERROR(INDEX(Data_Transaksi!$B$3:$B$5000,MATCH(ROWS($A$8:A16),Data_Transaksi!$I$3:$I$5000,0)),"") -> 46199 | B16: =IFERROR(INDEX(Data_Transaksi!$A$3:$A$5000,MATCH(ROWS($A$8:A16),Data_Transaksi!$I$3:$I$5000,0)),"") -> GR202601118 | C16: =IFERROR(IF(INDEX(Data_Transaksi!$C$3:$C$5000,MATCH(ROWS($A$8:A16),Data_Transaksi!$I$3:$I$5000,0))="Inbound",INDEX(Data_Transaksi!$F$3:$F$5000,MATCH(ROWS($A$8:A16),Data_Transaksi!$I$3:$I$5000,0)),""),"") -> 120 | D16: =IFERROR(IF(INDEX(Data_Transaksi!$C$3:$C$5000,MATCH(ROWS($A$8:A16),Data_Transaksi!$I$3:$I$5000,0))="Outbound",INDEX(Data_Transaksi!$F$3:$F$5000,MATCH(ROWS($A$8:A16),Data_Transaksi!$I$3:$I$5000,0)),""),"") | E16: =IF(A16="","",E15+IF(C16="",0,C16)-IF(D16="",0,D16)) -> 1566
A17: =IFERROR(INDEX(Data_Transaksi!$B$3:$B$5000,MATCH(ROWS($A$8:A17),Data_Transaksi!$I$3:$I$5000,0)),"") -> 46201 | B17: =IFERROR(INDEX(Data_Transaksi!$A$3:$A$5000,MATCH(ROWS($A$8:A17),Data_Transaksi!$I$3:$I$5000,0)),"") -> DO202600289 | C17: =IFERROR(IF(INDEX(Data_Transaksi!$C$3:$C$5000,MATCH(ROWS($A$8:A17),Data_Transaksi!$I$3:$I$5000,0))="Inbound",INDEX(Data_Transaksi!$F$3:$F$5000,MATCH(ROWS($A$8:A17),Data_Transaksi!$I$3:$I$5000,0)),""),"") | D17: =IFERROR(IF(INDEX(Data_Transaksi!$C$3:$C$5000,MATCH(ROWS($A$8:A17),Data_Transaksi!$I$3:$I$5000,0))="Outbound",INDEX(Data_Transaksi!$F$3:$F$5000,MATCH(ROWS($A$8:A17),Data_Transaksi!$I$3:$I$5000,0)),""),"") -> 36 | E17: =IF(A17="","",E16+IF(C17="",0,C17)-IF(D17="",0,D17)) -> 1530
A18: =IFERROR(INDEX(Data_Transaksi!$B$3:$B$5000,MATCH(ROWS($A$8:A18),Data_Transaksi!$I$3:$I$5000,0)),"") -> 46062 | B18: =IFERROR(INDEX(Data_Transaksi!$A$3:$A$5000,MATCH(ROWS($A$8:A18),Data_Transaksi!$I$3:$I$5000,0)),"") -> DO202600360 | C18: =IFERROR(IF(INDEX(Data_Transaksi!$C$3:$C$5000,MATCH(ROWS($A$8:A18),Data_Transaksi!$I$3:$I$5000,0))="Inbound",INDEX(Data_Transaksi!$F$3:$F$5000,MATCH(ROWS($A$8:A18),Data_Transaksi!$I$3:$I$5000,0)),""),"") | D18: =IFERROR(IF(INDEX(Data_Transaksi!$C$3:$C$5000,MATCH(ROWS($A$8:A18),Data_Transaksi!$I$3:$I$5000,0))="Outbound",INDEX(Data_Transaksi!$F$3:$F$5000,MATCH(ROWS($A$8:A18),Data_Transaksi!$I$3:$I$5000,0)),""),"") -> 24 | E18: =IF(A18="","",E17+IF(C18="",0,C18)-IF(D18="",0,D18)) -> 1506
A19: =IFERROR(INDEX(Data_Transaksi!$B$3:$B$5000,MATCH(ROWS($A$8:A19),Data_Transaksi!$I$3:$I$5000,0)),"") -> 46164 | B19: =IFERROR(INDEX(Data_Transaksi!$A$3:$A$5000,MATCH(ROWS($A$8:A19),Data_Transaksi!$I$3:$I$5000,0)),"") -> DO202601142 | C19: =IFERROR(IF(INDEX(Data_Transaksi!$C$3:$C$5000,MATCH(ROWS($A$8:A19),Data_Transaksi!$I$3:$I$5000,0))="Inbound",INDEX(Data_Transaksi!$F$3:$F$5000,MATCH(ROWS($A$8:A19),Data_Transaksi!$I$3:$I$5000,0)),""),"") | D19: =IFERROR(IF(INDEX(Data_Transaksi!$C$3:$C$5000,MATCH(ROWS($A$8:A19),Data_Transaksi!$I$3:$I$5000,0))="Outbound",INDEX(Data_Transaksi!$F$3:$F$5000,MATCH(ROWS($A$8:A19),Data_Transaksi!$I$3:$I$5000,0)),""),"") -> 60 | E19: =IF(A19="","",E18+IF(C19="",0,C19)-IF(D19="",0,D19)) -> 1446
... A45: =IFERROR(INDEX(Data_Transaksi!$B$3:$B$5000,MATCH(ROWS($A$8:A45),Data_Transaksi!$I$3:$I$5000,0)),"") | B45: =IFERROR(INDEX(Data_Transaksi!$A$3:$A$5000,MATCH(ROWS($A$8:A45),Data_Transaksi!$I$3:$I$5000,0)),"") | C45: =IFERROR(IF(INDEX(Data_Transaksi!$C$3:$C$5000,MATCH(ROWS($A$8:A45),Data_Transaksi!$I$3:$I$5000,0))="Inbound",INDEX(Data_Transaksi!$F$3:$F$5000,MATCH(ROWS($A$8:A45),Data_Transaksi!$I$3:$I$5000,0)),""),"") | D45: =IFERROR(IF(INDEX(Data_Transaksi!$C$3:$C$5000,MATCH(ROWS($A$8:A45),Data_Transaksi!$I$3:$I$5000,0))="Outbound",INDEX(Data_Transaksi!$F$3:$F$5000,MATCH(ROWS($A$8:A45),Data_Transaksi!$I$3:$I$5000,0)),""),"") | E45: =IF(A45="","",E44+IF(C45="",0,C45)-IF(D45="",0,D45))

Sheet Barang_Masuk
A1: GR Number | B1: Date | C1: Supplier | D1: Item Code | E1: Item Name | F1: Quantity Received | G1: Unit | H1: Purchase Price | I1: Period Check | J1: Supplier Check | K1: Item Check | L1: Report Helper | M1: Column1
A2: GR202600001 | B2: 46088 | C2: PT Supplier 34 | D2: BAB018 | E2: MamyPoko Baby Care Variant 18 | F2: 20 | G2: Pack | H2: 34500 | I2: =IF(AND(B2>=GR_Report!$C$4,B2<=GR_Report!$E$4),1,0) -> 1 | J2: =IF(GR_Report!$C$6="All",1,IF(C2=GR_Report!$C$6,1,0)) -> 1 | K2: =IF(GR_Report!$G$6="All",1,IF(D2=GR_Report!$G$6,1,0)) -> 1 | L2: =IF(AND(I2=1,J2=1,K2=1),COUNTIFS($I$2:I2,1,$J$2:J2,1,$K$2:K2,1),"") -> 1 | M2: =IF(AND(B2>=GR_Report!$C$3,B2<=GR_Report!$E$3,OR(GR_Report!$C$5="All",C2=GR_Report!$C$5),OR(GR_Report!$F$5="All",D2=GR_Report!$F$5)),COUNTIFS($B$2:B2,">="&GR_Report!$C$3,$B$2:B2,"<="&GR_Report!$E$3,$C$2:C2,IF(GR_Report!$C$5="All","<>",GR_Report!$C$5),$D$2:D2,IF(GR_Report!$F$5="All","<>",GR_Report!$F$5)),"")
A3: GR202600002 | B3: 46024 | C3: PT Supplier 18 | D3: BAB005 | E3: Zwitsal Baby Care Variant 5 | F3: 150 | G3: Pack | H3: 23100 | I3: =IF(AND(B3>=GR_Report!$C$4,B3<=GR_Report!$E$4),1,0) -> 0 | J3: =IF(GR_Report!$C$6="All",1,IF(C3=GR_Report!$C$6,1,0)) -> 1 | K3: =IF(GR_Report!$G$6="All",1,IF(D3=GR_Report!$G$6,1,0)) -> 1 | L3: =IF(AND(I3=1,J3=1,K3=1),COUNTIFS($I$2:I3,1,$J$2:J3,1,$K$2:K3,1),"") | M3: =IF(AND(B3>=GR_Report!$C$3,B3<=GR_Report!$E$3,OR(GR_Report!$C$5="All",C3=GR_Report!$C$5),OR(GR_Report!$F$5="All",D3=GR_Report!$F$5)),COUNTIFS($B$2:B3,">="&GR_Report!$C$3,$B$2:B3,"<="&GR_Report!$E$3,$C$2:C3,IF(GR_Report!$C$5="All","<>",GR_Report!$C$5),$D$2:D3,IF(GR_Report!$F$5="All","<>",GR_Report!$F$5)),"")
A4: GR202600003 | B4: 46051 | C4: PT Supplier 08 | D4: BAB012 | E4: MamyPoko Baby Care Variant 12 | F4: 120 | G4: Pack | H4: 75700 | I4: =IF(AND(B4>=GR_Report!$C$4,B4<=GR_Report!$E$4),1,0) -> 0 | J4: =IF(GR_Report!$C$6="All",1,IF(C4=GR_Report!$C$6,1,0)) -> 1 | K4: =IF(GR_Report!$G$6="All",1,IF(D4=GR_Report!$G$6,1,0)) -> 1 | L4: =IF(AND(I4=1,J4=1,K4=1),COUNTIFS($I$2:I4,1,$J$2:J4,1,$K$2:K4,1),"") | M4: =IF(AND(B4>=GR_Report!$C$3,B4<=GR_Report!$E$3,OR(GR_Report!$C$5="All",C4=GR_Report!$C$5),OR(GR_Report!$F$5="All",D4=GR_Report!$F$5)),COUNTIFS($B$2:B4,">="&GR_Report!$C$3,$B$2:B4,"<="&GR_Report!$E$3,$C$2:C4,IF(GR_Report!$C$5="All","<>",GR_Report!$C$5),$D$2:D4,IF(GR_Report!$F$5="All","<>",GR_Report!$F$5)),"")
A5: GR202600004 | B5: 46099 | C5: PT Supplier 03 | D5: BEV034 | E5: Coca Cola Beverage Variant 34 | F5: 20 | G5: Bottle | H5: 89900 | I5: =IF(AND(B5>=GR_Report!$C$4,B5<=GR_Report!$E$4),1,0) -> 1 | J5: =IF(GR_Report!$C$6="All",1,IF(C5=GR_Report!$C$6,1,0)) -> 1 | K5: =IF(GR_Report!$G$6="All",1,IF(D5=GR_Report!$G$6,1,0)) -> 1 | L5: =IF(AND(I5=1,J5=1,K5=1),COUNTIFS($I$2:I5,1,$J$2:J5,1,$K$2:K5,1),"") -> 2 | M5: =IF(AND(B5>=GR_Report!$C$3,B5<=GR_Report!$E$3,OR(GR_Report!$C$5="All",C5=GR_Report!$C$5),OR(GR_Report!$F$5="All",D5=GR_Report!$F$5)),COUNTIFS($B$2:B5,">="&GR_Report!$C$3,$B$2:B5,"<="&GR_Report!$E$3,$C$2:C5,IF(GR_Report!$C$5="All","<>",GR_Report!$C$5),$D$2:D5,IF(GR_Report!$F$5="All","<>",GR_Report!$F$5)),"")
A6: GR202600005 | B6: 46096 | C6: PT Supplier 20 | D6: SNK034 | E6: Taro Snack Variant 34 | F6: 20 | G6: Pack | H6: 55400 | I6: =IF(AND(B6>=GR_Report!$C$4,B6<=GR_Report!$E$4),1,0) -> 1 | J6: =IF(GR_Report!$C$6="All",1,IF(C6=GR_Report!$C$6,1,0)) -> 1 | K6: =IF(GR_Report!$G$6="All",1,IF(D6=GR_Report!$G$6,1,0)) -> 1 | L6: =IF(AND(I6=1,J6=1,K6=1),COUNTIFS($I$2:I6,1,$J$2:J6,1,$K$2:K6,1),"") -> 3 | M6: =IF(AND(B6>=GR_Report!$C$3,B6<=GR_Report!$E$3,OR(GR_Report!$C$5="All",C6=GR_Report!$C$5),OR(GR_Report!$F$5="All",D6=GR_Report!$F$5)),COUNTIFS($B$2:B6,">="&GR_Report!$C$3,$B$2:B6,"<="&GR_Report!$E$3,$C$2:C6,IF(GR_Report!$C$5="All","<>",GR_Report!$C$5),$D$2:D6,IF(GR_Report!$F$5="All","<>",GR_Report!$F$5)),"")
A7: GR202600006 | B7: 46023 | C7: PT Supplier 21 | D7: PER007 | E7: Pepsodent Personal Care Variant 7 | F7: 20 | G7: Bottle | H7: 65700 | I7: =IF(AND(B7>=GR_Report!$C$4,B7<=GR_Report!$E$4),1,0) -> 0 | J7: =IF(GR_Report!$C$6="All",1,IF(C7=GR_Report!$C$6,1,0)) -> 1 | K7: =IF(GR_Report!$G$6="All",1,IF(D7=GR_Report!$G$6,1,0)) -> 1 | L7: =IF(AND(I7=1,J7=1,K7=1),COUNTIFS($I$2:I7,1,$J$2:J7,1,$K$2:K7,1),"") | M7: =IF(AND(B7>=GR_Report!$C$3,B7<=GR_Report!$E$3,OR(GR_Report!$C$5="All",C7=GR_Report!$C$5),OR(GR_Report!$F$5="All",D7=GR_Report!$F$5)),COUNTIFS($B$2:B7,">="&GR_Report!$C$3,$B$2:B7,"<="&GR_Report!$E$3,$C$2:C7,IF(GR_Report!$C$5="All","<>",GR_Report!$C$5),$D$2:D7,IF(GR_Report!$F$5="All","<>",GR_Report!$F$5)),"")
A8: GR202600007 | B8: 46078 | C8: PT Supplier 12 | D8: SNK016 | E8: Qtela Snack Variant 16 | F8: 200 | G8: Pack | H8: 55400 | I8: =IF(AND(B8>=GR_Report!$C$4,B8<=GR_Report!$E$4),1,0) -> 0 | J8: =IF(GR_Report!$C$6="All",1,IF(C8=GR_Report!$C$6,1,0)) -> 1 | K8: =IF(GR_Report!$G$6="All",1,IF(D8=GR_Report!$G$6,1,0)) -> 1 | L8: =IF(AND(I8=1,J8=1,K8=1),COUNTIFS($I$2:I8,1,$J$2:J8,1,$K$2:K8,1),"") | M8: =IF(AND(B8>=GR_Report!$C$3,B8<=GR_Report!$E$3,OR(GR_Report!$C$5="All",C8=GR_Report!$C$5),OR(GR_Report!$F$5="All",D8=GR_Report!$F$5)),COUNTIFS($B$2:B8,">="&GR_Report!$C$3,$B$2:B8,"<="&GR_Report!$E$3,$C$2:C8,IF(GR_Report!$C$5="All","<>",GR_Report!$C$5),$D$2:D8,IF(GR_Report!$F$5="All","<>",GR_Report!$F$5)),"")
A9: GR202600008 | B9: 46143 | C9: PT Supplier 14 | D9: SNK025 | E9: Qtela Snack Variant 25 | F9: 200 | G9: Pack | H9: 12500 | I9: =IF(AND(B9>=GR_Report!$C$4,B9<=GR_Report!$E$4),1,0) -> 0 | J9: =IF(GR_Report!$C$6="All",1,IF(C9=GR_Report!$C$6,1,0)) -> 1 | K9: =IF(GR_Report!$G$6="All",1,IF(D9=GR_Report!$G$6,1,0)) -> 1 | L9: =IF(AND(I9=1,J9=1,K9=1),COUNTIFS($I$2:I9,1,$J$2:J9,1,$K$2:K9,1),"") | M9: =IF(AND(B9>=GR_Report!$C$3,B9<=GR_Report!$E$3,OR(GR_Report!$C$5="All",C9=GR_Report!$C$5),OR(GR_Report!$F$5="All",D9=GR_Report!$F$5)),COUNTIFS($B$2:B9,">="&GR_Report!$C$3,$B$2:B9,"<="&GR_Report!$E$3,$C$2:C9,IF(GR_Report!$C$5="All","<>",GR_Report!$C$5),$D$2:D9,IF(GR_Report!$F$5="All","<>",GR_Report!$F$5)),"")
A10: GR202600009 | B10: 46186 | C10: PT Supplier 27 | D10: SNK021 | E10: Qtela Snack Variant 21 | F10: 60 | G10: Pack | H10: 8900 | I10: =IF(AND(B10>=GR_Report!$C$4,B10<=GR_Report!$E$4),1,0) -> 0 | J10: =IF(GR_Report!$C$6="All",1,IF(C10=GR_Report!$C$6,1,0)) -> 1 | K10: =IF(GR_Report!$G$6="All",1,IF(D10=GR_Report!$G$6,1,0)) -> 1 | L10: =IF(AND(I10=1,J10=1,K10=1),COUNTIFS($I$2:I10,1,$J$2:J10,1,$K$2:K10,1),"") | M10: =IF(AND(B10>=GR_Report!$C$3,B10<=GR_Report!$E$3,OR(GR_Report!$C$5="All",C10=GR_Report!$C$5),OR(GR_Report!$F$5="All",D10=GR_Report!$F$5)),COUNTIFS($B$2:B10,">="&GR_Report!$C$3,$B$2:B10,"<="&GR_Report!$E$3,$C$2:C10,IF(GR_Report!$C$5="All","<>",GR_Report!$C$5),$D$2:D10,IF(GR_Report!$F$5="All","<>",GR_Report!$F$5)),"")
A11: GR202600010 | B11: 46175 | C11: PT Supplier 10 | D11: PER006 | E11: Lifebuoy Personal Care Variant 6 | F11: 150 | G11: Bottle | H11: 66100 | I11: =IF(AND(B11>=GR_Report!$C$4,B11<=GR_Report!$E$4),1,0) -> 0 | J11: =IF(GR_Report!$C$6="All",1,IF(C11=GR_Report!$C$6,1,0)) -> 1 | K11: =IF(GR_Report!$G$6="All",1,IF(D11=GR_Report!$G$6,1,0)) -> 1 | L11: =IF(AND(I11=1,J11=1,K11=1),COUNTIFS($I$2:I11,1,$J$2:J11,1,$K$2:K11,1),"") | M11: =IF(AND(B11>=GR_Report!$C$3,B11<=GR_Report!$E$3,OR(GR_Report!$C$5="All",C11=GR_Report!$C$5),OR(GR_Report!$F$5="All",D11=GR_Report!$F$5)),COUNTIFS($B$2:B11,">="&GR_Report!$C$3,$B$2:B11,"<="&GR_Report!$E$3,$C$2:C11,IF(GR_Report!$C$5="All","<>",GR_Report!$C$5),$D$2:D11,IF(GR_Report!$F$5="All","<>",GR_Report!$F$5)),"")
A12: GR202600011 | B12: 46120 | C12: PT Supplier 11 | D12: BAB020 | E12: Zwitsal Baby Care Variant 20 | F12: 40 | G12: Pack | H12: 57600 | I12: =IF(AND(B12>=GR_Report!$C$4,B12<=GR_Report!$E$4),1,0) -> 0 | J12: =IF(GR_Report!$C$6="All",1,IF(C12=GR_Report!$C$6,1,0)) -> 1 | K12: =IF(GR_Report!$G$6="All",1,IF(D12=GR_Report!$G$6,1,0)) -> 1 | L12: =IF(AND(I12=1,J12=1,K12=1),COUNTIFS($I$2:I12,1,$J$2:J12,1,$K$2:K12,1),"") | M12: =IF(AND(B12>=GR_Report!$C$3,B12<=GR_Report!$E$3,OR(GR_Report!$C$5="All",C12=GR_Report!$C$5),OR(GR_Report!$F$5="All",D12=GR_Report!$F$5)),COUNTIFS($B$2:B12,">="&GR_Report!$C$3,$B$2:B12,"<="&GR_Report!$E$3,$C$2:C12,IF(GR_Report!$C$5="All","<>",GR_Report!$C$5),$D$2:D12,IF(GR_Report!$F$5="All","<>",GR_Report!$F$5)),"")
A13: GR202600012 | B13: 46152 | C13: PT Supplier 25 | D13: PER005 | E13: Pepsodent Personal Care Variant 5 | F13: 40 | G13: Bottle | H13: 44800 | I13: =IF(AND(B13>=GR_Report!$C$4,B13<=GR_Report!$E$4),1,0) -> 0 | J13: =IF(GR_Report!$C$6="All",1,IF(C13=GR_Report!$C$6,1,0)) -> 1 | K13: =IF(GR_Report!$G$6="All",1,IF(D13=GR_Report!$G$6,1,0)) -> 1 | L13: =IF(AND(I13=1,J13=1,K13=1),COUNTIFS($I$2:I13,1,$J$2:J13,1,$K$2:K13,1),"") | M13: =IF(AND(B13>=GR_Report!$C$3,B13<=GR_Report!$E$3,OR(GR_Report!$C$5="All",C13=GR_Report!$C$5),OR(GR_Report!$F$5="All",D13=GR_Report!$F$5)),COUNTIFS($B$2:B13,">="&GR_Report!$C$3,$B$2:B13,"<="&GR_Report!$E$3,$C$2:C13,IF(GR_Report!$C$5="All","<>",GR_Report!$C$5),$D$2:D13,IF(GR_Report!$F$5="All","<>",GR_Report!$F$5)),"")
... A39: GR202600038 | B39: 46027 | C39: PT Supplier 11 | D39: BEV018 | E39: Sosro Beverage Variant 18 | F39: 120 | G39: Bottle | H39: 82500 | I39: =IF(AND(B39>=GR_Report!$C$4,B39<=GR_Report!$E$4),1,0) -> 0 | J39: =IF(GR_Report!$C$6="All",1,IF(C39=GR_Report!$C$6,1,0)) -> 1 | K39: =IF(GR_Report!$G$6="All",1,IF(D39=GR_Report!$G$6,1,0)) -> 1 | L39: =IF(AND(I39=1,J39=1,K39=1),COUNTIFS($I$2:I39,1,$J$2:J39,1,$K$2:K39,1),"") | M39: =IF(AND(B39>=GR_Report!$C$3,B39<=GR_Report!$E$3,OR(GR_Report!$C$5="All",C39=GR_Report!$C$5),OR(GR_Report!$F$5="All",D39=GR_Report!$F$5)),COUNTIFS($B$2:B39,">="&GR_Report!$C$3,$B$2:B39,"<="&GR_Report!$E$3,$C$2:C39,IF(GR_Report!$C$5="All","<>",GR_Report!$C$5),$D$2:D39,IF(GR_Report!$F$5="All","<>",GR_Report!$F$5)),"")
A40: GR202600039 | B40: 46044 | C40: PT Supplier 01 | D40: HOM019 | E40: Rinso Home Care Variant 19 | F40: 60 | G40: Pack | H40: 71700 | I40: =IF(AND(B40>=GR_Report!$C$4,B40<=GR_Report!$E$4),1,0) -> 0 | J40: =IF(GR_Report!$C$6="All",1,IF(C40=GR_Report!$C$6,1,0)) -> 1 | K40: =IF(GR_Report!$G$6="All",1,IF(D40=GR_Report!$G$6,1,0)) -> 1 | L40: =IF(AND(I40=1,J40=1,K40=1),COUNTIFS($I$2:I40,1,$J$2:J40,1,$K$2:K40,1),"") | M40: =IF(AND(B2>=GR_Report!$C$3,B2<=GR_Report!$E$3,OR(GR_Report!$C$5="All",C2=GR_Report!$C$5),OR(GR_Report!$F$5="All",D2=GR_Report!$F$5)),COUNTIFS($B$2:B2,">="&GR_Report!$C$3,$B$2:B2,"<="&GR_Report!$E$3,$C$2:C2,IF(GR_Report!$C$5="All","<>",GR_Report!$C$5),$D$2:D2,IF(GR_Report!$F$5="All","<>",GR_Report!$F$5)),"")
A41: GR202600040 | B41: 46198 | C41: PT Supplier 28 | D41: DAR002 | E41: Indomilk Dairy Variant 2 | F41: 80 | G41: Box | H41: 16400 | I41: =IF(AND(B41>=GR_Report!$C$4,B41<=GR_Report!$E$4),1,0) -> 0 | J41: =IF(GR_Report!$C$6="All",1,IF(C41=GR_Report!$C$6,1,0)) -> 1 | K41: =IF(GR_Report!$G$6="All",1,IF(D41=GR_Report!$G$6,1,0)) -> 1 | L41: =IF(AND(I41=1,J41=1,K41=1),COUNTIFS($I$2:I41,1,$J$2:J41,1,$K$2:K41,1),"")
A42: GR202600041 | B42: 46071 | C42: PT Supplier 24 | D42: BEV031 | E42: Sosro Beverage Variant 31 | F42: 100 | G42: Bottle | H42: 51300 | I42: =IF(AND(B42>=GR_Report!$C$4,B42<=GR_Report!$E$4),1,0) -> 0 | J42: =IF(GR_Report!$C$6="All",1,IF(C42=GR_Report!$C$6,1,0)) -> 1 | K42: =IF(GR_Report!$G$6="All",1,IF(D42=GR_Report!$G$6,1,0)) -> 1 | L42: =IF(AND(I42=1,J42=1,K42=1),COUNTIFS($I$2:I42,1,$J$2:J42,1,$K$2:K42,1),"")
A43: GR202600042 | B43: 46165 | C43: PT Supplier 03 | D43: HOM001 | E43: Sunlight Home Care Variant 1 | F43: 100 | G43: Pack | H43: 65900 | I43: =IF(AND(B43>=GR_Report!$C$4,B43<=GR_Report!$E$4),1,0) -> 0 | J43: =IF(GR_Report!$C$6="All",1,IF(C43=GR_Report!$C$6,1,0)) -> 1 | K43: =IF(GR_Report!$G$6="All",1,IF(D43=GR_Report!$G$6,1,0)) -> 1 | L43: =IF(AND(I43=1,J43=1,K43=1),COUNTIFS($I$2:I43,1,$J$2:J43,1,$K$2:K43,1),"")
A44: GR202600043 | B44: 46137 | C44: PT Supplier 29 | D44: HOM030 | E44: Molto Home Care Variant 30 | F44: 100 | G44: Pack | H44: 16700 | I44: =IF(AND(B44>=GR_Report!$C$4,B44<=GR_Report!$E$4),1,0) -> 0 | J44: =IF(GR_Report!$C$6="All",1,IF(C44=GR_Report!$C$6,1,0)) -> 1 | K44: =IF(GR_Report!$G$6="All",1,IF(D44=GR_Report!$G$6,1,0)) -> 1 | L44: =IF(AND(I44=1,J44=1,K44=1),COUNTIFS($I$2:I44,1,$J$2:J44,1,$K$2:K44,1),"")
A45: GR202600044 | B45: 46107 | C45: PT Supplier 24 | D45: DAR017 | E45: Indomilk Dairy Variant 17 | F45: 80 | G45: Box | H45: 54000 | I45: =IF(AND(B45>=GR_Report!$C$4,B45<=GR_Report!$E$4),1,0) -> 1 | J45: =IF(GR_Report!$C$6="All",1,IF(C45=GR_Report!$C$6,1,0)) -> 1 | K45: =IF(GR_Report!$G$6="All",1,IF(D45=GR_Report!$G$6,1,0)) -> 1 | L45: =IF(AND(I45=1,J45=1,K45=1),COUNTIFS($I$2:I45,1,$J$2:J45,1,$K$2:K45,1),"") -> 8
A46: GR202600045 | B46: 46131 | C46: PT Supplier 10 | D46: PER015 | E46: Sunsilk Personal Care Variant 15 | F46: 120 | G46: Bottle | H46: 8100 | I46: =IF(AND(B46>=GR_Report!$C$4,B46<=GR_Report!$E$4),1,0) -> 0 | J46: =IF(GR_Report!$C$6="All",1,IF(C46=GR_Report!$C$6,1,0)) -> 1 | K46: =IF(GR_Report!$G$6="All",1,IF(D46=GR_Report!$G$6,1,0)) -> 1 | L46: =IF(AND(I46=1,J46=1,K46=1),COUNTIFS($I$2:I46,1,$J$2:J46,1,$K$2:K46,1),"")
A47: GR202600046 | B47: 46134 | C47: PT Supplier 30 | D47: INS008 | E47: Indomie Instant Food Variant 8 | F47: 20 | G47: Pack | H47: 5900 | I47: =IF(AND(B47>=GR_Report!$C$4,B47<=GR_Report!$E$4),1,0) -> 0 | J47: =IF(GR_Report!$C$6="All",1,IF(C47=GR_Report!$C$6,1,0)) -> 1 | K47: =IF(GR_Report!$G$6="All",1,IF(D47=GR_Report!$G$6,1,0)) -> 1 | L47: =IF(AND(I47=1,J47=1,K47=1),COUNTIFS($I$2:I47,1,$J$2:J47,1,$K$2:K47,1),"")
A48: GR202600047 | B48: 46123 | C48: PT Supplier 13 | D48: BEV015 | E48: Aqua Beverage Variant 15 | F48: 200 | G48: Bottle | H48: 37700 | I48: =IF(AND(B48>=GR_Report!$C$4,B48<=GR_Report!$E$4),1,0) -> 0 | J48: =IF(GR_Report!$C$6="All",1,IF(C48=GR_Report!$C$6,1,0)) -> 1 | K48: =IF(GR_Report!$G$6="All",1,IF(D48=GR_Report!$G$6,1,0)) -> 1 | L48: =IF(AND(I48=1,J48=1,K48=1),COUNTIFS($I$2:I48,1,$J$2:J48,1,$K$2:K48,1),"")
A49: GR202600048 | B49: 46090 | C49: PT Supplier 10 | D49: BEV009 | E49: Aqua Beverage Variant 9 | F49: 30 | G49: Bottle | H49: 37300 | I49: =IF(AND(B49>=GR_Report!$C$4,B49<=GR_Report!$E$4),1,0) -> 1 | J49: =IF(GR_Report!$C$6="All",1,IF(C49=GR_Report!$C$6,1,0)) -> 1 | K49: =IF(GR_Report!$G$6="All",1,IF(D49=GR_Report!$G$6,1,0)) -> 1 | L49: =IF(AND(I49=1,J49=1,K49=1),COUNTIFS($I$2:I49,1,$J$2:J49,1,$K$2:K49,1),"") -> 9
A50: GR202600049 | B50: 46162 | C50: PT Supplier 33 | D50: PER017 | E50: Pepsodent Personal Care Variant 17 | F50: 150 | G50: Bottle | H50: 39900 | I50: =IF(AND(B50>=GR_Report!$C$4,B50<=GR_Report!$E$4),1,0) -> 0 | J50: =IF(GR_Report!$C$6="All",1,IF(C50=GR_Report!$C$6,1,0)) -> 1 | K50: =IF(GR_Report!$G$6="All",1,IF(D50=GR_Report!$G$6,1,0)) -> 1 | L50: =IF(AND(I50=1,J50=1,K50=1),COUNTIFS($I$2:I50,1,$J$2:J50,1,$K$2:K50,1),"")
A51: GR202600050 | B51: 46091 | C51: PT Supplier 13 | D51: BEV024 | E51: Aqua Beverage Variant 24 | F51: 60 | G51: Bottle | H51: 7100 | I51: =IF(AND(B51>=GR_Report!$C$4,B51<=GR_Report!$E$4),1,0) -> 1 | J51: =IF(GR_Report!$C$6="All",1,IF(C51=GR_Report!$C$6,1,0)) -> 1 | K51: =IF(GR_Report!$G$6="All",1,IF(D51=GR_Report!$G$6,1,0)) -> 1 | L51: =IF(AND(I51=1,J51=1,K51=1),COUNTIFS($I$2:I51,1,$J$2:J51,1,$K$2:K51,1),"") -> 10
A52: GR202600051 | B52: 46051 | C52: PT Supplier 22 | D52: BAB015 | E52: MamyPoko Baby Care Variant 15 | F52: 200 | G52: Pack | H52: 30900 | I52: =IF(AND(B52>=GR_Report!$C$4,B52<=GR_Report!$E$4),1,0) -> 0 | J52: =IF(GR_Report!$C$6="All",1,IF(C52=GR_Report!$C$6,1,0)) -> 1 | K52: =IF(GR_Report!$G$6="All",1,IF(D52=GR_Report!$G$6,1,0)) -> 1 | L52: =IF(AND(I52=1,J52=1,K52=1),COUNTIFS($I$2:I52,1,$J$2:J52,1,$K$2:K52,1),"")
... A1501: GR202601500 | B1501: 46150 | C1501: PT Supplier 13 | D1501: BEV015 | E1501: Aqua Beverage Variant 15 | F1501: 30 | G1501: Bottle | H1501: 37700 | I1501: =IF(AND(B1501>=GR_Report!$C$4,B1501<=GR_Report!$E$4),1,0) -> 0 | J1501: =IF(GR_Report!$C$6="All",1,IF(C1501=GR_Report!$C$6,1,0)) -> 1 | K1501: =IF(GR_Report!$G$6="All",1,IF(D1501=GR_Report!$G$6,1,0)) -> 1 | L1501: =IF(AND(I1501=1,J1501=1,K1501=1),COUNTIFS($I$2:I1501,1,$J$2:J1501,1,$K$2:K1501,1),"")

Sheet Barang_Keluar
A1: DO Number | B1: Date | C1: Customer | D1: Item Code | E1: Item Name | F1: Quantity Dispatched | G1: Unit | H1: Period Check | I1: Outlet Check | J1: Item Check | K1: Report Helper
A2: DO202600001 | B2: 46052 | C2: Outlet 040 | D2: DAR012 | E2: Indomilk Dairy Variant 12 | F2: 36 | G2: Box | H2: =IF(AND(B2>=GI_Report!$C$4,B2<=GI_Report!$E$4),1,0) -> 0 | I2: =IF(GI_Report!$C$6="All",1,IF(C2=GI_Report!$C$6,1,0)) -> 1 | J2: =IF(GI_Report!$F$6="All",1,IF(E2=GI_Report!$F$6,1,0)) -> 1 | K2: =IF(AND(H2=1,I2=1,J2=1),COUNTIFS($H$2:H2,1,$I$2:I2,1,$J$2:J2,1),"")
A3: DO202600002 | B3: 46089 | C3: Outlet 026 | D3: BAB011 | E3: MamyPoko Baby Care Variant 11 | F3: 24 | G3: Pack | H3: =IF(AND(B3>=GI_Report!$C$4,B3<=GI_Report!$E$4),1,0) -> 0 | I3: =IF(GI_Report!$C$6="All",1,IF(C3=GI_Report!$C$6,1,0)) -> 1 | J3: =IF(GI_Report!$F$6="All",1,IF(E3=GI_Report!$F$6,1,0)) -> 1 | K3: =IF(AND(H3=1,I3=1,J3=1),COUNTIFS($H$2:H3,1,$I$2:I3,1,$J$2:J3,1),"")
A4: DO202600003 | B4: 46187 | C4: Outlet 049 | D4: SNK032 | E4: Qtela Snack Variant 32 | F4: 30 | G4: Pack | H4: =IF(AND(B4>=GI_Report!$C$4,B4<=GI_Report!$E$4),1,0) -> 0 | I4: =IF(GI_Report!$C$6="All",1,IF(C4=GI_Report!$C$6,1,0)) -> 1 | J4: =IF(GI_Report!$F$6="All",1,IF(E4=GI_Report!$F$6,1,0)) -> 1 | K4: =IF(AND(H4=1,I4=1,J4=1),COUNTIFS($H$2:H4,1,$I$2:I4,1,$J$2:J4,1),"")
A5: DO202600004 | B5: 46066 | C5: Outlet 033 | D5: BEV031 | E5: Sosro Beverage Variant 31 | F5: 5 | G5: Bottle | H5: =IF(AND(B5>=GI_Report!$C$4,B5<=GI_Report!$E$4),1,0) -> 1 | I5: =IF(GI_Report!$C$6="All",1,IF(C5=GI_Report!$C$6,1,0)) -> 1 | J5: =IF(GI_Report!$F$6="All",1,IF(E5=GI_Report!$F$6,1,0)) -> 1 | K5: =IF(AND(H5=1,I5=1,J5=1),COUNTIFS($H$2:H5,1,$I$2:I5,1,$J$2:J5,1),"") -> 1
A6: DO202600005 | B6: 46032 | C6: Outlet 039 | D6: INS017 | E6: Indomie Instant Food Variant 17 | F6: 10 | G6: Pack | H6: =IF(AND(B6>=GI_Report!$C$4,B6<=GI_Report!$E$4),1,0) -> 0 | I6: =IF(GI_Report!$C$6="All",1,IF(C6=GI_Report!$C$6,1,0)) -> 1 | J6: =IF(GI_Report!$F$6="All",1,IF(E6=GI_Report!$F$6,1,0)) -> 1 | K6: =IF(AND(H6=1,I6=1,J6=1),COUNTIFS($H$2:H6,1,$I$2:I6,1,$J$2:J6,1),"")
A7: DO202600006 | B7: 46042 | C7: Outlet 035 | D7: INS010 | E7: Sarimi Instant Food Variant 10 | F7: 36 | G7: Pack | H7: =IF(AND(B7>=GI_Report!$C$4,B7<=GI_Report!$E$4),1,0) -> 0 | I7: =IF(GI_Report!$C$6="All",1,IF(C7=GI_Report!$C$6,1,0)) -> 1 | J7: =IF(GI_Report!$F$6="All",1,IF(E7=GI_Report!$F$6,1,0)) -> 1 | K7: =IF(AND(H7=1,I7=1,J7=1),COUNTIFS($H$2:H7,1,$I$2:I7,1,$J$2:J7,1),"")
A8: DO202600007 | B8: 46042 | C8: Outlet 024 | D8: DAR015 | E8: Ultra Milk Dairy Variant 15 | F8: 20 | G8: Box | H8: =IF(AND(B8>=GI_Report!$C$4,B8<=GI_Report!$E$4),1,0) -> 0 | I8: =IF(GI_Report!$C$6="All",1,IF(C8=GI_Report!$C$6,1,0)) -> 1 | J8: =IF(GI_Report!$F$6="All",1,IF(E8=GI_Report!$F$6,1,0)) -> 1 | K8: =IF(AND(H8=1,I8=1,J8=1),COUNTIFS($H$2:H8,1,$I$2:I8,1,$J$2:J8,1),"")
A9: DO202600008 | B9: 46063 | C9: Outlet 026 | D9: DAR007 | E9: Indomilk Dairy Variant 7 | F9: 10 | G9: Box | H9: =IF(AND(B9>=GI_Report!$C$4,B9<=GI_Report!$E$4),1,0) -> 1 | I9: =IF(GI_Report!$C$6="All",1,IF(C9=GI_Report!$C$6,1,0)) -> 1 | J9: =IF(GI_Report!$F$6="All",1,IF(E9=GI_Report!$F$6,1,0)) -> 1 | K9: =IF(AND(H9=1,I9=1,J9=1),COUNTIFS($H$2:H9,1,$I$2:I9,1,$J$2:J9,1),"") -> 2
A10: DO202600009 | B10: 46177 | C10: Outlet 046 | D10: PER028 | E10: Sunsilk Personal Care Variant 28 | F10: 20 | G10: Bottle | H10: =IF(AND(B10>=GI_Report!$C$4,B10<=GI_Report!$E$4),1,0) -> 0 | I10: =IF(GI_Report!$C$6="All",1,IF(C10=GI_Report!$C$6,1,0)) -> 1 | J10: =IF(GI_Report!$F$6="All",1,IF(E10=GI_Report!$F$6,1,0)) -> 1 | K10: =IF(AND(H10=1,I10=1,J10=1),COUNTIFS($H$2:H10,1,$I$2:I10,1,$J$2:J10,1),"")
A11: DO202600010 | B11: 46069 | C11: Outlet 011 | D11: BEV014 | E11: Coca Cola Beverage Variant 14 | F11: 24 | G11: Bottle | H11: =IF(AND(B11>=GI_Report!$C$4,B11<=GI_Report!$E$4),1,0) -> 1 | I11: =IF(GI_Report!$C$6="All",1,IF(C11=GI_Report!$C$6,1,0)) -> 1 | J11: =IF(GI_Report!$F$6="All",1,IF(E11=GI_Report!$F$6,1,0)) -> 1 | K11: =IF(AND(H11=1,I11=1,J11=1),COUNTIFS($H$2:H11,1,$I$2:I11,1,$J$2:J11,1),"") -> 3
A12: DO202600011 | B12: 46119 | C12: Outlet 038 | D12: HOM027 | E12: Molto Home Care Variant 27 | F12: 48 | G12: Pack | H12: =IF(AND(B12>=GI_Report!$C$4,B12<=GI_Report!$E$4),1,0) -> 0 | I12: =IF(GI_Report!$C$6="All",1,IF(C12=GI_Report!$C$6,1,0)) -> 1 | J12: =IF(GI_Report!$F$6="All",1,IF(E12=GI_Report!$F$6,1,0)) -> 1 | K12: =IF(AND(H12=1,I12=1,J12=1),COUNTIFS($H$2:H12,1,$I$2:I12,1,$J$2:J12,1),"")
A13: DO202600012 | B13: 46098 | C13: Outlet 035 | D13: HOM008 | E13: Rinso Home Care Variant 8 | F13: 12 | G13: Pack | H13: =IF(AND(B13>=GI_Report!$C$4,B13<=GI_Report!$E$4),1,0) -> 0 | I13: =IF(GI_Report!$C$6="All",1,IF(C13=GI_Report!$C$6,1,0)) -> 1 | J13: =IF(GI_Report!$F$6="All",1,IF(E13=GI_Report!$F$6,1,0)) -> 1 | K13: =IF(AND(H13=1,I13=1,J13=1),COUNTIFS($H$2:H13,1,$I$2:I13,1,$J$2:J13,1),"")
... A2501: DO202602500 | B2501: 46061 | C2501: Outlet 075 | D2501: PER002 | E2501: Lifebuoy Personal Care Variant 2 | F2501: 10 | G2501: Bottle | H2501: =IF(AND(B2501>=GI_Report!$C$4,B2501<=GI_Report!$E$4),1,0) -> 1 | I2501: =IF(GI_Report!$C$6="All",1,IF(C2501=GI_Report!$C$6,1,0)) -> 1 | J2501: =IF(GI_Report!$F$6="All",1,IF(E2501=GI_Report!$F$6,1,0)) -> 1 | K2501: =IF(AND(H2501=1,I2501=1,J2501=1),COUNTIFS($H$2:H2501,1,$I$2:I2501,1,$J$2:J2501,1),"") -> 401

Sheet GR_Report
A1: GOODS RECEIPT REPORT
A2: REPORTING PERIOD
A3: Period | C3: Maret 2026
A4: Date Range | C4: =IF(C3="Januari 2026",DATE(2026,1,1),IF(C3="Februari 2026",DATE(2026,2,1),IF(C3="Maret 2026",DATE(2026,3,1),IF(C3="April 2026",DATE(2026,4,1),IF(C3="Mei 2026",DATE(2026,5,1),IF(C3="Juni 2026",DATE(2026,6,1),"")))))) -> 46082 | D4: - | E4: =IF(C4="","",EOMONTH(C4,0)) -> 46112
A5: FILTER
A6: Supplier | C6: All | E6: Item Code | G6: All
A9: GR Number | B9: Date | C9: Supplier | D9: Item Code | E9: Item Name | F9: Qty Received | G9: Unit | H9: Purchase Price | I9: Total Purchase
A10: =IFERROR(INDEX(Barang_Masuk!$A$2:$A$5000,MATCH(ROWS($A$10:A10),Barang_Masuk!$I$2:$I$5000,0)),"") -> GR202600001 | B10: =IFERROR(INDEX(Barang_Masuk!$B$2:$B$5000,MATCH(ROWS($A$10:A10),Barang_Masuk!$L$2:$L$5000,0)),"") -> 46088 | C10: =IFERROR(INDEX(Barang_Masuk!$C$2:$C$5000,MATCH(ROWS($A$10:A10),Barang_Masuk!$L$2:$L$5000,0)),"") -> PT Supplier 34 | D10: =IFERROR(INDEX(Barang_Masuk!$D$2:$D$5000,MATCH(ROWS($A$10:A10),Barang_Masuk!$L$2:$L$5000,0)),"") -> BAB018 | E10: =IFERROR(INDEX(Barang_Masuk!$E$2:$E$5000,MATCH(ROWS($A$10:A10),Barang_Masuk!$L$2:$L$5000,0)),"") -> MamyPoko Baby Care Variant 18 | F10: =IFERROR(INDEX(Barang_Masuk!$F$2:$F$5000,MATCH(ROWS($A$10:A10),Barang_Masuk!$L$2:$L$5000,0)),"") -> 20 | G10: =IFERROR(INDEX(Barang_Masuk!$G$2:$G$5000,MATCH(ROWS($A$10:A10),Barang_Masuk!$L$2:$L$5000,0)),"") -> Pack | H10: =IFERROR(INDEX(Barang_Masuk!$H$2:$H$5000,MATCH(ROWS($A$10:A10),Barang_Masuk!$L$2:$L$5000,0)),"") -> 34500 | I10: =IF(F10="","",F10*H10) -> 690000
A11: =IFERROR(INDEX(Barang_Masuk!$A$2:$A$5000,MATCH(ROWS($A$10:A11),Barang_Masuk!$L$2:$L$5000,0)),"") -> GR202600004 | B11: =IFERROR(INDEX(Barang_Masuk!$B$2:$B$5000,MATCH(ROWS($A$10:A11),Barang_Masuk!$L$2:$L$5000,0)),"") -> 46099 | C11: =IFERROR(INDEX(Barang_Masuk!$C$2:$C$5000,MATCH(ROWS($A$10:A11),Barang_Masuk!$L$2:$L$5000,0)),"") -> PT Supplier 03 | D11: =IFERROR(INDEX(Barang_Masuk!$D$2:$D$5000,MATCH(ROWS($A$10:A11),Barang_Masuk!$L$2:$L$5000,0)),"") -> BEV034 | E11: =IFERROR(INDEX(Barang_Masuk!$E$2:$E$5000,MATCH(ROWS($A$10:A11),Barang_Masuk!$L$2:$L$5000,0)),"") -> Coca Cola Beverage Variant 34 | F11: =IFERROR(INDEX(Barang_Masuk!$F$2:$F$5000,MATCH(ROWS($A$10:A11),Barang_Masuk!$L$2:$L$5000,0)),"") -> 20 | G11: =IFERROR(INDEX(Barang_Masuk!$G$2:$G$5000,MATCH(ROWS($A$10:A11),Barang_Masuk!$L$2:$L$5000,0)),"") -> Bottle | H11: =IFERROR(INDEX(Barang_Masuk!$H$2:$H$5000,MATCH(ROWS($A$10:A11),Barang_Masuk!$L$2:$L$5000,0)),"") -> 89900 | I11: =IF(F11="","",F11*H11) -> 1798000
A12: =IFERROR(INDEX(Barang_Masuk!$A$2:$A$5000,MATCH(ROWS($A$10:A12),Barang_Masuk!$L$2:$L$5000,0)),"") -> GR202600005 | B12: =IFERROR(INDEX(Barang_Masuk!$B$2:$B$5000,MATCH(ROWS($A$10:A12),Barang_Masuk!$L$2:$L$5000,0)),"") -> 46096 | C12: =IFERROR(INDEX(Barang_Masuk!$C$2:$C$5000,MATCH(ROWS($A$10:A12),Barang_Masuk!$L$2:$L$5000,0)),"") -> PT Supplier 20 | D12: =IFERROR(INDEX(Barang_Masuk!$D$2:$D$5000,MATCH(ROWS($A$10:A12),Barang_Masuk!$L$2:$L$5000,0)),"") -> SNK034 | E12: =IFERROR(INDEX(Barang_Masuk!$E$2:$E$5000,MATCH(ROWS($A$10:A12),Barang_Masuk!$L$2:$L$5000,0)),"") -> Taro Snack Variant 34 | F12: =IFERROR(INDEX(Barang_Masuk!$F$2:$F$5000,MATCH(ROWS($A$10:A12),Barang_Masuk!$L$2:$L$5000,0)),"") -> 20 | G12: =IFERROR(INDEX(Barang_Masuk!$G$2:$G$5000,MATCH(ROWS($A$10:A12),Barang_Masuk!$L$2:$L$5000,0)),"") -> Pack | H12: =IFERROR(INDEX(Barang_Masuk!$H$2:$H$5000,MATCH(ROWS($A$10:A12),Barang_Masuk!$L$2:$L$5000,0)),"") -> 55400 | I12: =IF(F12="","",F12*H12) -> 1108000
A13: =IFERROR(INDEX(Barang_Masuk!$A$2:$A$5000,MATCH(ROWS($A$10:A13),Barang_Masuk!$L$2:$L$5000,0)),"") -> GR202600014 | B13: =IFERROR(INDEX(Barang_Masuk!$B$2:$B$5000,MATCH(ROWS($A$10:A13),Barang_Masuk!$L$2:$L$5000,0)),"") -> 46100 | C13: =IFERROR(INDEX(Barang_Masuk!$C$2:$C$5000,MATCH(ROWS($A$10:A13),Barang_Masuk!$L$2:$L$5000,0)),"") -> PT Supplier 04 | D13: =IFERROR(INDEX(Barang_Masuk!$D$2:$D$5000,MATCH(ROWS($A$10:A13),Barang_Masuk!$L$2:$L$5000,0)),"") -> HOM020 | E13: =IFERROR(INDEX(Barang_Masuk!$E$2:$E$5000,MATCH(ROWS($A$10:A13),Barang_Masuk!$L$2:$L$5000,0)),"") -> Sunlight Home Care Variant 20 | F13: =IFERROR(INDEX(Barang_Masuk!$F$2:$F$5000,MATCH(ROWS($A$10:A13),Barang_Masuk!$L$2:$L$5000,0)),"") -> 200 | G13: =IFERROR(INDEX(Barang_Masuk!$G$2:$G$5000,MATCH(ROWS($A$10:A13),Barang_Masuk!$L$2:$L$5000,0)),"") -> Pack | H13: =IFERROR(INDEX(Barang_Masuk!$H$2:$H$5000,MATCH(ROWS($A$10:A13),Barang_Masuk!$L$2:$L$5000,0)),"") -> 79600 | I13: =IF(F13="","",F13*H13) -> 15920000
A14: =IFERROR(INDEX(Barang_Masuk!$A$2:$A$5000,MATCH(ROWS($A$10:A14),Barang_Masuk!$L$2:$L$5000,0)),"") -> GR202600030 | B14: =IFERROR(INDEX(Barang_Masuk!$B$2:$B$5000,MATCH(ROWS($A$10:A14),Barang_Masuk!$L$2:$L$5000,0)),"") -> 46097 | C14: =IFERROR(INDEX(Barang_Masuk!$C$2:$C$5000,MATCH(ROWS($A$10:A14),Barang_Masuk!$L$2:$L$5000,0)),"") -> PT Supplier 22 | D14: =IFERROR(INDEX(Barang_Masuk!$D$2:$D$5000,MATCH(ROWS($A$10:A14),Barang_Masuk!$L$2:$L$5000,0)),"") -> BEV013 | E14: =IFERROR(INDEX(Barang_Masuk!$E$2:$E$5000,MATCH(ROWS($A$10:A14),Barang_Masuk!$L$2:$L$5000,0)),"") -> Sosro Beverage Variant 13 | F14: =IFERROR(INDEX(Barang_Masuk!$F$2:$F$5000,MATCH(ROWS($A$10:A14),Barang_Masuk!$L$2:$L$5000,0)),"") -> 100 | G14: =IFERROR(INDEX(Barang_Masuk!$G$2:$G$5000,MATCH(ROWS($A$10:A14),Barang_Masuk!$L$2:$L$5000,0)),"") -> Bottle | H14: =IFERROR(INDEX(Barang_Masuk!$H$2:$H$5000,MATCH(ROWS($A$10:A14),Barang_Masuk!$L$2:$L$5000,0)),"") -> 67200 | I14: =IF(F14="","",F14*H14) -> 6720000
A15: =IFERROR(INDEX(Barang_Masuk!$A$2:$A$5000,MATCH(ROWS($A$10:A15),Barang_Masuk!$L$2:$L$5000,0)),"") -> GR202600036 | B15: =IFERROR(INDEX(Barang_Masuk!$B$2:$B$5000,MATCH(ROWS($A$10:A15),Barang_Masuk!$L$2:$L$5000,0)),"") -> 46105 | C15: =IFERROR(INDEX(Barang_Masuk!$C$2:$C$5000,MATCH(ROWS($A$10:A15),Barang_Masuk!$L$2:$L$5000,0)),"") -> PT Supplier 24 | D15: =IFERROR(INDEX(Barang_Masuk!$D$2:$D$5000,MATCH(ROWS($A$10:A15),Barang_Masuk!$L$2:$L$5000,0)),"") -> DAR017 | E15: =IFERROR(INDEX(Barang_Masuk!$E$2:$E$5000,MATCH(ROWS($A$10:A15),Barang_Masuk!$L$2:$L$5000,0)),"") -> Indomilk Dairy Variant 17 | F15: =IFERROR(INDEX(Barang_Masuk!$F$2:$F$5000,MATCH(ROWS($A$10:A15),Barang_Masuk!$L$2:$L$5000,0)),"") -> 50 | G15: =IFERROR(INDEX(Barang_Masuk!$G$2:$G$5000,MATCH(ROWS($A$10:A15),Barang_Masuk!$L$2:$L$5000,0)),"") -> Box | H15: =IFERROR(INDEX(Barang_Masuk!$H$2:$H$5000,MATCH(ROWS($A$10:A15),Barang_Masuk!$L$2:$L$5000,0)),"") -> 54000 | I15: =IF(F15="","",F15*H15) -> 2700000
A16: =IFERROR(INDEX(Barang_Masuk!$A$2:$A$5000,MATCH(ROWS($A$10:A16),Barang_Masuk!$L$2:$L$5000,0)),"") -> GR202600037 | B16: =IFERROR(INDEX(Barang_Masuk!$B$2:$B$5000,MATCH(ROWS($A$10:A16),Barang_Masuk!$L$2:$L$5000,0)),"") -> 46087 | C16: =IFERROR(INDEX(Barang_Masuk!$C$2:$C$5000,MATCH(ROWS($A$10:A16),Barang_Masuk!$L$2:$L$5000,0)),"") -> PT Supplier 08 | D16: =IFERROR(INDEX(Barang_Masuk!$D$2:$D$5000,MATCH(ROWS($A$10:A16),Barang_Masuk!$L$2:$L$5000,0)),"") -> INS016 | E16: =IFERROR(INDEX(Barang_Masuk!$E$2:$E$5000,MATCH(ROWS($A$10:A16),Barang_Masuk!$L$2:$L$5000,0)),"") -> Sarimi Instant Food Variant 16 | F16: =IFERROR(INDEX(Barang_Masuk!$F$2:$F$5000,MATCH(ROWS($A$10:A16),Barang_Masuk!$L$2:$L$5000,0)),"") -> 50 | G16: =IFERROR(INDEX(Barang_Masuk!$G$2:$G$5000,MATCH(ROWS($A$10:A16),Barang_Masuk!$L$2:$L$5000,0)),"") -> Pack | H16: =IFERROR(INDEX(Barang_Masuk!$H$2:$H$5000,MATCH(ROWS($A$10:A16),Barang_Masuk!$L$2:$L$5000,0)),"") -> 25300 | I16: =IF(F16="","",F16*H16) -> 1265000
A17: =IFERROR(INDEX(Barang_Masuk!$A$2:$A$5000,MATCH(ROWS($A$10:A17),Barang_Masuk!$L$2:$L$5000,0)),"") -> GR202600044 | B17: =IFERROR(INDEX(Barang_Masuk!$B$2:$B$5000,MATCH(ROWS($A$10:A17),Barang_Masuk!$L$2:$L$5000,0)),"") -> 46107 | C17: =IFERROR(INDEX(Barang_Masuk!$C$2:$C$5000,MATCH(ROWS($A$10:A17),Barang_Masuk!$L$2:$L$5000,0)),"") -> PT Supplier 24 | D17: =IFERROR(INDEX(Barang_Masuk!$D$2:$D$5000,MATCH(ROWS($A$10:A17),Barang_Masuk!$L$2:$L$5000,0)),"") -> DAR017 | E17: =IFERROR(INDEX(Barang_Masuk!$E$2:$E$5000,MATCH(ROWS($A$10:A17),Barang_Masuk!$L$2:$L$5000,0)),"") -> Indomilk Dairy Variant 17 | F17: =IFERROR(INDEX(Barang_Masuk!$F$2:$F$5000,MATCH(ROWS($A$10:A17),Barang_Masuk!$L$2:$L$5000,0)),"") -> 80 | G17: =IFERROR(INDEX(Barang_Masuk!$G$2:$G$5000,MATCH(ROWS($A$10:A17),Barang_Masuk!$L$2:$L$5000,0)),"") -> Box | H17: =IFERROR(INDEX(Barang_Masuk!$H$2:$H$5000,MATCH(ROWS($A$10:A17),Barang_Masuk!$L$2:$L$5000,0)),"") -> 54000 | I17: =IF(F17="","",F17*H17) -> 4320000
A18: =IFERROR(INDEX(Barang_Masuk!$A$2:$A$5000,MATCH(ROWS($A$10:A18),Barang_Masuk!$L$2:$L$5000,0)),"") -> GR202600048 | B18: =IFERROR(INDEX(Barang_Masuk!$B$2:$B$5000,MATCH(ROWS($A$10:A18),Barang_Masuk!$L$2:$L$5000,0)),"") -> 46090 | C18: =IFERROR(INDEX(Barang_Masuk!$C$2:$C$5000,MATCH(ROWS($A$10:A18),Barang_Masuk!$L$2:$L$5000,0)),"") -> PT Supplier 10 | D18: =IFERROR(INDEX(Barang_Masuk!$D$2:$D$5000,MATCH(ROWS($A$10:A18),Barang_Masuk!$L$2:$L$5000,0)),"") -> BEV009 | E18: =IFERROR(INDEX(Barang_Masuk!$E$2:$E$5000,MATCH(ROWS($A$10:A18),Barang_Masuk!$L$2:$L$5000,0)),"") -> Aqua Beverage Variant 9 | F18: =IFERROR(INDEX(Barang_Masuk!$F$2:$F$5000,MATCH(ROWS($A$10:A18),Barang_Masuk!$L$2:$L$5000,0)),"") -> 30 | G18: =IFERROR(INDEX(Barang_Masuk!$G$2:$G$5000,MATCH(ROWS($A$10:A18),Barang_Masuk!$L$2:$L$5000,0)),"") -> Bottle | H18: =IFERROR(INDEX(Barang_Masuk!$H$2:$H$5000,MATCH(ROWS($A$10:A18),Barang_Masuk!$L$2:$L$5000,0)),"") -> 37300 | I18: =IF(F18="","",F18*H18) -> 1119000
A19: =IFERROR(INDEX(Barang_Masuk!$A$2:$A$5000,MATCH(ROWS($A$10:A19),Barang_Masuk!$L$2:$L$5000,0)),"") -> GR202600050 | B19: =IFERROR(INDEX(Barang_Masuk!$B$2:$B$5000,MATCH(ROWS($A$10:A19),Barang_Masuk!$L$2:$L$5000,0)),"") -> 46091 | C19: =IFERROR(INDEX(Barang_Masuk!$C$2:$C$5000,MATCH(ROWS($A$10:A19),Barang_Masuk!$L$2:$L$5000,0)),"") -> PT Supplier 13 | D19: =IFERROR(INDEX(Barang_Masuk!$D$2:$D$5000,MATCH(ROWS($A$10:A19),Barang_Masuk!$L$2:$L$5000,0)),"") -> BEV024 | E19: =IFERROR(INDEX(Barang_Masuk!$E$2:$E$5000,MATCH(ROWS($A$10:A19),Barang_Masuk!$L$2:$L$5000,0)),"") -> Aqua Beverage Variant 24 | F19: =IFERROR(INDEX(Barang_Masuk!$F$2:$F$5000,MATCH(ROWS($A$10:A19),Barang_Masuk!$L$2:$L$5000,0)),"") -> 60 | G19: =IFERROR(INDEX(Barang_Masuk!$G$2:$G$5000,MATCH(ROWS($A$10:A19),Barang_Masuk!$L$2:$L$5000,0)),"") -> Bottle | H19: =IFERROR(INDEX(Barang_Masuk!$H$2:$H$5000,MATCH(ROWS($A$10:A19),Barang_Masuk!$L$2:$L$5000,0)),"") -> 7100 | I19: =IF(F19="","",F19*H19) -> 426000
A20: =IFERROR(INDEX(Barang_Masuk!$A$2:$A$5000,MATCH(ROWS($A$10:A20),Barang_Masuk!$L$2:$L$5000,0)),"") -> GR202600054 | B20: =IFERROR(INDEX(Barang_Masuk!$B$2:$B$5000,MATCH(ROWS($A$10:A20),Barang_Masuk!$L$2:$L$5000,0)),"") -> 46082 | C20: =IFERROR(INDEX(Barang_Masuk!$C$2:$C$5000,MATCH(ROWS($A$10:A20),Barang_Masuk!$L$2:$L$5000,0)),"") -> PT Supplier 05 | D20: =IFERROR(INDEX(Barang_Masuk!$D$2:$D$5000,MATCH(ROWS($A$10:A20),Barang_Masuk!$L$2:$L$5000,0)),"") -> BEV028 | E20: =IFERROR(INDEX(Barang_Masuk!$E$2:$E$5000,MATCH(ROWS($A$10:A20),Barang_Masuk!$L$2:$L$5000,0)),"") -> Pocari Beverage Variant 28 | F20: =IFERROR(INDEX(Barang_Masuk!$F$2:$F$5000,MATCH(ROWS($A$10:A20),Barang_Masuk!$L$2:$L$5000,0)),"") -> 100 | G20: =IFERROR(INDEX(Barang_Masuk!$G$2:$G$5000,MATCH(ROWS($A$10:A20),Barang_Masuk!$L$2:$L$5000,0)),"") -> Bottle | H20: =IFERROR(INDEX(Barang_Masuk!$H$2:$H$5000,MATCH(ROWS($A$10:A20),Barang_Masuk!$L$2:$L$5000,0)),"") -> 7400 | I20: =IF(F20="","",F20*H20) -> 740000
A21: =IFERROR(INDEX(Barang_Masuk!$A$2:$A$5000,MATCH(ROWS($A$10:A21),Barang_Masuk!$L$2:$L$5000,0)),"") -> GR202600055 | B21: =IFERROR(INDEX(Barang_Masuk!$B$2:$B$5000,MATCH(ROWS($A$10:A21),Barang_Masuk!$L$2:$L$5000,0)),"") -> 46088 | C21: =IFERROR(INDEX(Barang_Masuk!$C$2:$C$5000,MATCH(ROWS($A$10:A21),Barang_Masuk!$L$2:$L$5000,0)),"") -> PT Supplier 02 | D21: =IFERROR(INDEX(Barang_Masuk!$D$2:$D$5000,MATCH(ROWS($A$10:A21),Barang_Masuk!$L$2:$L$5000,0)),"") -> BAB019 | E21: =IFERROR(INDEX(Barang_Masuk!$E$2:$E$5000,MATCH(ROWS($A$10:A21),Barang_Masuk!$L$2:$L$5000,0)),"") -> Zwitsal Baby Care Variant 19 | F21: =IFERROR(INDEX(Barang_Masuk!$F$2:$F$5000,MATCH(ROWS($A$10:A21),Barang_Masuk!$L$2:$L$5000,0)),"") -> 60 | G21: =IFERROR(INDEX(Barang_Masuk!$G$2:$G$5000,MATCH(ROWS($A$10:A21),Barang_Masuk!$L$2:$L$5000,0)),"") -> Pack | H21: =IFERROR(INDEX(Barang_Masuk!$H$2:$H$5000,MATCH(ROWS($A$10:A21),Barang_Masuk!$L$2:$L$5000,0)),"") -> 75800 | I21: =IF(F21="","",F21*H21) -> 4548000
A22: =IFERROR(INDEX(Barang_Masuk!$A$2:$A$5000,MATCH(ROWS($A$10:A22),Barang_Masuk!$L$2:$L$5000,0)),"") -> GR202600057 | B22: =IFERROR(INDEX(Barang_Masuk!$B$2:$B$5000,MATCH(ROWS($A$10:A22),Barang_Masuk!$L$2:$L$5000,0)),"") -> 46102 | C22: =IFERROR(INDEX(Barang_Masuk!$C$2:$C$5000,MATCH(ROWS($A$10:A22),Barang_Masuk!$L$2:$L$5000,0)),"") -> PT Supplier 14 | D22: =IFERROR(INDEX(Barang_Masuk!$D$2:$D$5000,MATCH(ROWS($A$10:A22),Barang_Masuk!$L$2:$L$5000,0)),"") -> DAR020 | E22: =IFERROR(INDEX(Barang_Masuk!$E$2:$E$5000,MATCH(ROWS($A$10:A22),Barang_Masuk!$L$2:$L$5000,0)),"") -> Ultra Milk Dairy Variant 20 | F22: =IFERROR(INDEX(Barang_Masuk!$F$2:$F$5000,MATCH(ROWS($A$10:A22),Barang_Masuk!$L$2:$L$5000,0)),"") -> 100 | G22: =IFERROR(INDEX(Barang_Masuk!$G$2:$G$5000,MATCH(ROWS($A$10:A22),Barang_Masuk!$L$2:$L$5000,0)),"") -> Box | H22: =IFERROR(INDEX(Barang_Masuk!$H$2:$H$5000,MATCH(ROWS($A$10:A22),Barang_Masuk!$L$2:$L$5000,0)),"") -> 41600 | I22: =IF(F22="","",F22*H22) -> 4160000
... A308: =IFERROR(INDEX(Barang_Masuk!$A$2:$A$5000,MATCH(ROWS($A$10:A308),Barang_Masuk!$L$2:$L$5000,0)),"") | B308: =IFERROR(INDEX(Barang_Masuk!$B$2:$B$5000,MATCH(ROWS($A$10:A308),Barang_Masuk!$L$2:$L$5000,0)),"") | C308: =IFERROR(INDEX(Barang_Masuk!$C$2:$C$5000,MATCH(ROWS($A$10:A308),Barang_Masuk!$L$2:$L$5000,0)),"") | D308: =IFERROR(INDEX(Barang_Masuk!$D$2:$D$5000,MATCH(ROWS($A$10:A308),Barang_Masuk!$L$2:$L$5000,0)),"") | E308: =IFERROR(INDEX(Barang_Masuk!$E$2:$E$5000,MATCH(ROWS($A$10:A308),Barang_Masuk!$L$2:$L$5000,0)),"") | F308: =IFERROR(INDEX(Barang_Masuk!$F$2:$F$5000,MATCH(ROWS($A$10:A308),Barang_Masuk!$L$2:$L$5000,0)),"") | G308: =IFERROR(INDEX(Barang_Masuk!$G$2:$G$5000,MATCH(ROWS($A$10:A308),Barang_Masuk!$L$2:$L$5000,0)),"") | H308: =IFERROR(INDEX(Barang_Masuk!$H$2:$H$5000,MATCH(ROWS($A$10:A308),Barang_Masuk!$L$2:$L$5000,0)),"") | I308: =IF(F308="","",F308*H308)

Sheet GI_Report
A1: GOODS ISSUE REPORT
A2: REPORTING PERIOD
A3: Period | C3: Februari 2026
A4: Date Range | C4: =IF(C3="Januari 2026",DATE(2026,1,1),IF(C3="Februari 2026",DATE(2026,2,1),IF(C3="Maret 2026",DATE(2026,3,1),IF(C3="April 2026",DATE(2026,4,1),IF(C3="Mei 2026",DATE(2026,5,1),IF(C3="Juni 2026",DATE(2026,6,1),"")))))) -> 46054 | D4: - | E4: =IF(C4="","",EOMONTH(C4,0)) -> 46081
A5: FILTER
A6: Customer | C6: All | E6: Item Code | F6: All
A9: DO Number | B9: Date | C9: Customer | D9: Item Code | E9: Item Name | F9: Qty Dispatched | G9: Unit
A10: =IFERROR(INDEX(Barang_Keluar!$A$2:$A$5000,MATCH(ROWS($A$10:A10),Barang_Keluar!$K$2:$K$5000,0)),"") -> DO202600004 | B10: =IFERROR(INDEX(Barang_Keluar!$B$2:$B$5000,MATCH(ROWS($A$10:A10),Barang_Keluar!$K$2:$K$5000,0)),"") -> 46066 | C10: =IFERROR(INDEX(Barang_Keluar!$C$2:$C$5000,MATCH(ROWS($A$10:A10),Barang_Keluar!$K$2:$K$5000,0)),"") -> Outlet 033 | D10: =IFERROR(INDEX(Barang_Keluar!$D$2:$D$5000,MATCH(ROWS($A$10:A10),Barang_Keluar!$K$2:$K$5000,0)),"") -> BEV031 | E10: =IFERROR(INDEX(Barang_Keluar!$E$2:$E$5000,MATCH(ROWS($A$10:A10),Barang_Keluar!$K$2:$K$5000,0)),"") -> Sosro Beverage Variant 31 | F10: =IFERROR(INDEX(Barang_Keluar!$F$2:$F$5000,MATCH(ROWS($A$10:A10),Barang_Keluar!$K$2:$K$5000,0)),"") -> 5 | G10: =IFERROR(INDEX(Barang_Keluar!$G$2:$G$5000,MATCH(ROWS($A$10:A10),Barang_Keluar!$K$2:$K$5000,0)),"") -> Bottle
A11: =IFERROR(INDEX(Barang_Keluar!$A$2:$A$5000,MATCH(ROWS($A$10:A11),Barang_Keluar!$K$2:$K$5000,0)),"") -> DO202600008 | B11: =IFERROR(INDEX(Barang_Keluar!$B$2:$B$5000,MATCH(ROWS($A$10:A11),Barang_Keluar!$K$2:$K$5000,0)),"") -> 46063 | C11: =IFERROR(INDEX(Barang_Keluar!$C$2:$C$5000,MATCH(ROWS($A$10:A11),Barang_Keluar!$K$2:$K$5000,0)),"") -> Outlet 026 | D11: =IFERROR(INDEX(Barang_Keluar!$D$2:$D$5000,MATCH(ROWS($A$10:A11),Barang_Keluar!$K$2:$K$5000,0)),"") -> DAR007 | E11: =IFERROR(INDEX(Barang_Keluar!$E$2:$E$5000,MATCH(ROWS($A$10:A11),Barang_Keluar!$K$2:$K$5000,0)),"") -> Indomilk Dairy Variant 7 | F11: =IFERROR(INDEX(Barang_Keluar!$F$2:$F$5000,MATCH(ROWS($A$10:A11),Barang_Keluar!$K$2:$K$5000,0)),"") -> 10 | G11: =IFERROR(INDEX(Barang_Keluar!$G$2:$G$5000,MATCH(ROWS($A$10:A11),Barang_Keluar!$K$2:$K$5000,0)),"") -> Box
A12: =IFERROR(INDEX(Barang_Keluar!$A$2:$A$5000,MATCH(ROWS($A$10:A12),Barang_Keluar!$K$2:$K$5000,0)),"") -> DO202600010 | B12: =IFERROR(INDEX(Barang_Keluar!$B$2:$B$5000,MATCH(ROWS($A$10:A12),Barang_Keluar!$K$2:$K$5000,0)),"") -> 46069 | C12: =IFERROR(INDEX(Barang_Keluar!$C$2:$C$5000,MATCH(ROWS($A$10:A12),Barang_Keluar!$K$2:$K$5000,0)),"") -> Outlet 011 | D12: =IFERROR(INDEX(Barang_Keluar!$D$2:$D$5000,MATCH(ROWS($A$10:A12),Barang_Keluar!$K$2:$K$5000,0)),"") -> BEV014 | E12: =IFERROR(INDEX(Barang_Keluar!$E$2:$E$5000,MATCH(ROWS($A$10:A12),Barang_Keluar!$K$2:$K$5000,0)),"") -> Coca Cola Beverage Variant 14 | F12: =IFERROR(INDEX(Barang_Keluar!$F$2:$F$5000,MATCH(ROWS($A$10:A12),Barang_Keluar!$K$2:$K$5000,0)),"") -> 24 | G12: =IFERROR(INDEX(Barang_Keluar!$G$2:$G$5000,MATCH(ROWS($A$10:A12),Barang_Keluar!$K$2:$K$5000,0)),"") -> Bottle
A13: =IFERROR(INDEX(Barang_Keluar!$A$2:$A$5000,MATCH(ROWS($A$10:A13),Barang_Keluar!$K$2:$K$5000,0)),"") -> DO202600015 | B13: =IFERROR(INDEX(Barang_Keluar!$B$2:$B$5000,MATCH(ROWS($A$10:A13),Barang_Keluar!$K$2:$K$5000,0)),"") -> 46056 | C13: =IFERROR(INDEX(Barang_Keluar!$C$2:$C$5000,MATCH(ROWS($A$10:A13),Barang_Keluar!$K$2:$K$5000,0)),"") -> Outlet 003 | D13: =IFERROR(INDEX(Barang_Keluar!$D$2:$D$5000,MATCH(ROWS($A$10:A13),Barang_Keluar!$K$2:$K$5000,0)),"") -> SNK016 | E13: =IFERROR(INDEX(Barang_Keluar!$E$2:$E$5000,MATCH(ROWS($A$10:A13),Barang_Keluar!$K$2:$K$5000,0)),"") -> Qtela Snack Variant 16 | F13: =IFERROR(INDEX(Barang_Keluar!$F$2:$F$5000,MATCH(ROWS($A$10:A13),Barang_Keluar!$K$2:$K$5000,0)),"") -> 12 | G13: =IFERROR(INDEX(Barang_Keluar!$G$2:$G$5000,MATCH(ROWS($A$10:A13),Barang_Keluar!$K$2:$K$5000,0)),"") -> Pack
A14: =IFERROR(INDEX(Barang_Keluar!$A$2:$A$5000,MATCH(ROWS($A$10:A14),Barang_Keluar!$K$2:$K$5000,0)),"") -> DO202600027 | B14: =IFERROR(INDEX(Barang_Keluar!$B$2:$B$5000,MATCH(ROWS($A$10:A14),Barang_Keluar!$K$2:$K$5000,0)),"") -> 46071 | C14: =IFERROR(INDEX(Barang_Keluar!$C$2:$C$5000,MATCH(ROWS($A$10:A14),Barang_Keluar!$K$2:$K$5000,0)),"") -> Outlet 021 | D14: =IFERROR(INDEX(Barang_Keluar!$D$2:$D$5000,MATCH(ROWS($A$10:A14),Barang_Keluar!$K$2:$K$5000,0)),"") -> BAB012 | E14: =IFERROR(INDEX(Barang_Keluar!$E$2:$E$5000,MATCH(ROWS($A$10:A14),Barang_Keluar!$K$2:$K$5000,0)),"") -> MamyPoko Baby Care Variant 12 | F14: =IFERROR(INDEX(Barang_Keluar!$F$2:$F$5000,MATCH(ROWS($A$10:A14),Barang_Keluar!$K$2:$K$5000,0)),"") -> 36 | G14: =IFERROR(INDEX(Barang_Keluar!$G$2:$G$5000,MATCH(ROWS($A$10:A14),Barang_Keluar!$K$2:$K$5000,0)),"") -> Pack
A15: =IFERROR(INDEX(Barang_Keluar!$A$2:$A$5000,MATCH(ROWS($A$10:A15),Barang_Keluar!$K$2:$K$5000,0)),"") -> DO202600038 | B15: =IFERROR(INDEX(Barang_Keluar!$B$2:$B$5000,MATCH(ROWS($A$10:A15),Barang_Keluar!$K$2:$K$5000,0)),"") -> 46070 | C15: =IFERROR(INDEX(Barang_Keluar!$C$2:$C$5000,MATCH(ROWS($A$10:A15),Barang_Keluar!$K$2:$K$5000,0)),"") -> Outlet 062 | D15: =IFERROR(INDEX(Barang_Keluar!$D$2:$D$5000,MATCH(ROWS($A$10:A15),Barang_Keluar!$K$2:$K$5000,0)),"") -> PER005 | E15: =IFERROR(INDEX(Barang_Keluar!$E$2:$E$5000,MATCH(ROWS($A$10:A15),Barang_Keluar!$K$2:$K$5000,0)),"") -> Pepsodent Personal Care Variant 5 | F15: =IFERROR(INDEX(Barang_Keluar!$F$2:$F$5000,MATCH(ROWS($A$10:A15),Barang_Keluar!$K$2:$K$5000,0)),"") -> 15 | G15: =IFERROR(INDEX(Barang_Keluar!$G$2:$G$5000,MATCH(ROWS($A$10:A15),Barang_Keluar!$K$2:$K$5000,0)),"") -> Bottle
A16: =IFERROR(INDEX(Barang_Keluar!$A$2:$A$5000,MATCH(ROWS($A$10:A16),Barang_Keluar!$K$2:$K$5000,0)),"") -> DO202600039 | B16: =IFERROR(INDEX(Barang_Keluar!$B$2:$B$5000,MATCH(ROWS($A$10:A16),Barang_Keluar!$K$2:$K$5000,0)),"") -> 46074 | C16: =IFERROR(INDEX(Barang_Keluar!$C$2:$C$5000,MATCH(ROWS($A$10:A16),Barang_Keluar!$K$2:$K$5000,0)),"") -> Outlet 037 | D16: =IFERROR(INDEX(Barang_Keluar!$D$2:$D$5000,MATCH(ROWS($A$10:A16),Barang_Keluar!$K$2:$K$5000,0)),"") -> PER028 | E16: =IFERROR(INDEX(Barang_Keluar!$E$2:$E$5000,MATCH(ROWS($A$10:A16),Barang_Keluar!$K$2:$K$5000,0)),"") -> Sunsilk Personal Care Variant 28 | F16: =IFERROR(INDEX(Barang_Keluar!$F$2:$F$5000,MATCH(ROWS($A$10:A16),Barang_Keluar!$K$2:$K$5000,0)),"") -> 12 | G16: =IFERROR(INDEX(Barang_Keluar!$G$2:$G$5000,MATCH(ROWS($A$10:A16),Barang_Keluar!$K$2:$K$5000,0)),"") -> Bottle
A17: =IFERROR(INDEX(Barang_Keluar!$A$2:$A$5000,MATCH(ROWS($A$10:A17),Barang_Keluar!$K$2:$K$5000,0)),"") -> DO202600044 | B17: =IFERROR(INDEX(Barang_Keluar!$B$2:$B$5000,MATCH(ROWS($A$10:A17),Barang_Keluar!$K$2:$K$5000,0)),"") -> 46067 | C17: =IFERROR(INDEX(Barang_Keluar!$C$2:$C$5000,MATCH(ROWS($A$10:A17),Barang_Keluar!$K$2:$K$5000,0)),"") -> Outlet 001 | D17: =IFERROR(INDEX(Barang_Keluar!$D$2:$D$5000,MATCH(ROWS($A$10:A17),Barang_Keluar!$K$2:$K$5000,0)),"") -> BEV025 | E17: =IFERROR(INDEX(Barang_Keluar!$E$2:$E$5000,MATCH(ROWS($A$10:A17),Barang_Keluar!$K$2:$K$5000,0)),"") -> Sosro Beverage Variant 25 | F17: =IFERROR(INDEX(Barang_Keluar!$F$2:$F$5000,MATCH(ROWS($A$10:A17),Barang_Keluar!$K$2:$K$5000,0)),"") -> 36 | G17: =IFERROR(INDEX(Barang_Keluar!$G$2:$G$5000,MATCH(ROWS($A$10:A17),Barang_Keluar!$K$2:$K$5000,0)),"") -> Bottle
A18: =IFERROR(INDEX(Barang_Keluar!$A$2:$A$5000,MATCH(ROWS($A$10:A18),Barang_Keluar!$K$2:$K$5000,0)),"") -> DO202600050 | B18: =IFERROR(INDEX(Barang_Keluar!$B$2:$B$5000,MATCH(ROWS($A$10:A18),Barang_Keluar!$K$2:$K$5000,0)),"") -> 46058 | C18: =IFERROR(INDEX(Barang_Keluar!$C$2:$C$5000,MATCH(ROWS($A$10:A18),Barang_Keluar!$K$2:$K$5000,0)),"") -> Outlet 029 | D18: =IFERROR(INDEX(Barang_Keluar!$D$2:$D$5000,MATCH(ROWS($A$10:A18),Barang_Keluar!$K$2:$K$5000,0)),"") -> BEV034 | E18: =IFERROR(INDEX(Barang_Keluar!$E$2:$E$5000,MATCH(ROWS($A$10:A18),Barang_Keluar!$K$2:$K$5000,0)),"") -> Coca Cola Beverage Variant 34 | F18: =IFERROR(INDEX(Barang_Keluar!$F$2:$F$5000,MATCH(ROWS($A$10:A18),Barang_Keluar!$K$2:$K$5000,0)),"") -> 12 | G18: =IFERROR(INDEX(Barang_Keluar!$G$2:$G$5000,MATCH(ROWS($A$10:A18),Barang_Keluar!$K$2:$K$5000,0)),"") -> Bottle
A19: =IFERROR(INDEX(Barang_Keluar!$A$2:$A$5000,MATCH(ROWS($A$10:A19),Barang_Keluar!$K$2:$K$5000,0)),"") -> DO202600056 | B19: =IFERROR(INDEX(Barang_Keluar!$B$2:$B$5000,MATCH(ROWS($A$10:A19),Barang_Keluar!$K$2:$K$5000,0)),"") -> 46070 | C19: =IFERROR(INDEX(Barang_Keluar!$C$2:$C$5000,MATCH(ROWS($A$10:A19),Barang_Keluar!$K$2:$K$5000,0)),"") -> Outlet 005 | D19: =IFERROR(INDEX(Barang_Keluar!$D$2:$D$5000,MATCH(ROWS($A$10:A19),Barang_Keluar!$K$2:$K$5000,0)),"") -> INS024 | E19: =IFERROR(INDEX(Barang_Keluar!$E$2:$E$5000,MATCH(ROWS($A$10:A19),Barang_Keluar!$K$2:$K$5000,0)),"") -> Sarimi Instant Food Variant 24 | F19: =IFERROR(INDEX(Barang_Keluar!$F$2:$F$5000,MATCH(ROWS($A$10:A19),Barang_Keluar!$K$2:$K$5000,0)),"") -> 48 | G19: =IFERROR(INDEX(Barang_Keluar!$G$2:$G$5000,MATCH(ROWS($A$10:A19),Barang_Keluar!$K$2:$K$5000,0)),"") -> Pack
A20: =IFERROR(INDEX(Barang_Keluar!$A$2:$A$5000,MATCH(ROWS($A$10:A20),Barang_Keluar!$K$2:$K$5000,0)),"") -> DO202600059 | B20: =IFERROR(INDEX(Barang_Keluar!$B$2:$B$5000,MATCH(ROWS($A$10:A20),Barang_Keluar!$K$2:$K$5000,0)),"") -> 46058 | C20: =IFERROR(INDEX(Barang_Keluar!$C$2:$C$5000,MATCH(ROWS($A$10:A20),Barang_Keluar!$K$2:$K$5000,0)),"") -> Outlet 022 | D20: =IFERROR(INDEX(Barang_Keluar!$D$2:$D$5000,MATCH(ROWS($A$10:A20),Barang_Keluar!$K$2:$K$5000,0)),"") -> SNK008 | E20: =IFERROR(INDEX(Barang_Keluar!$E$2:$E$5000,MATCH(ROWS($A$10:A20),Barang_Keluar!$K$2:$K$5000,0)),"") -> Chitato Snack Variant 8 | F20: =IFERROR(INDEX(Barang_Keluar!$F$2:$F$5000,MATCH(ROWS($A$10:A20),Barang_Keluar!$K$2:$K$5000,0)),"") -> 60 | G20: =IFERROR(INDEX(Barang_Keluar!$G$2:$G$5000,MATCH(ROWS($A$10:A20),Barang_Keluar!$K$2:$K$5000,0)),"") -> Pack
A21: =IFERROR(INDEX(Barang_Keluar!$A$2:$A$5000,MATCH(ROWS($A$10:A21),Barang_Keluar!$K$2:$K$5000,0)),"") -> DO202600066 | B21: =IFERROR(INDEX(Barang_Keluar!$B$2:$B$5000,MATCH(ROWS($A$10:A21),Barang_Keluar!$K$2:$K$5000,0)),"") -> 46057 | C21: =IFERROR(INDEX(Barang_Keluar!$C$2:$C$5000,MATCH(ROWS($A$10:A21),Barang_Keluar!$K$2:$K$5000,0)),"") -> Outlet 042 | D21: =IFERROR(INDEX(Barang_Keluar!$D$2:$D$5000,MATCH(ROWS($A$10:A21),Barang_Keluar!$K$2:$K$5000,0)),"") -> SNK011 | E21: =IFERROR(INDEX(Barang_Keluar!$E$2:$E$5000,MATCH(ROWS($A$10:A21),Barang_Keluar!$K$2:$K$5000,0)),"") -> Qtela Snack Variant 11 | F21: =IFERROR(INDEX(Barang_Keluar!$F$2:$F$5000,MATCH(ROWS($A$10:A21),Barang_Keluar!$K$2:$K$5000,0)),"") -> 30 | G21: =IFERROR(INDEX(Barang_Keluar!$G$2:$G$5000,MATCH(ROWS($A$10:A21),Barang_Keluar!$K$2:$K$5000,0)),"") -> Pack
... A500: =IFERROR(INDEX(Barang_Keluar!$A$2:$A$5000,MATCH(ROWS($A$10:A500),Barang_Keluar!$K$2:$K$5000,0)),"") | B500: =IFERROR(INDEX(Barang_Keluar!$B$2:$B$5000,MATCH(ROWS($A$10:A500),Barang_Keluar!$K$2:$K$5000,0)),"") | C500: =IFERROR(INDEX(Barang_Keluar!$C$2:$C$5000,MATCH(ROWS($A$10:A500),Barang_Keluar!$K$2:$K$5000,0)),"") | D500: =IFERROR(INDEX(Barang_Keluar!$D$2:$D$5000,MATCH(ROWS($A$10:A500),Barang_Keluar!$K$2:$K$5000,0)),"") | E500: =IFERROR(INDEX(Barang_Keluar!$E$2:$E$5000,MATCH(ROWS($A$10:A500),Barang_Keluar!$K$2:$K$5000,0)),"") | F500: =IFERROR(INDEX(Barang_Keluar!$F$2:$F$5000,MATCH(ROWS($A$10:A500),Barang_Keluar!$K$2:$K$5000,0)),"") | G500: =IFERROR(INDEX(Barang_Keluar!$G$2:$G$5000,MATCH(ROWS($A$10:A500),Barang_Keluar!$K$2:$K$5000,0)),"")

Sheet List_Helper
A1: Period | B1: Supplier | C1: Item Code | I1: Period | J1: Outlet | K1: Item Code
A2: Januari 2026 | B2: All | C2: All | I2: Januari 2026 | J2: All | K2: All
A3: Februari 2026 | B3: PT Supplier 01 | C3: BEV001 | I3: Februari 2026 | J3: Outlet 001 | K3: BEV001
A4: Maret 2026 | B4: PT Supplier 02 | C4: BEV002 | I4: Maret 2026 | J4: Outlet 002 | K4: BEV002
A5: April 20206 | B5: PT Supplier 03 | C5: BEV003 | I5: April 20206 | J5: Outlet 003 | K5: BEV003
A6: Mei 2026 | B6: PT Supplier 04 | C6: BEV004 | I6: Mei 2026 | J6: Outlet 004 | K6: BEV004
A7: Juni 2026 | B7: PT Supplier 05 | C7: BEV005 | I7: Juni 2026 | J7: Outlet 005 | K7: BEV005
B8: PT Supplier 06 | C8: BEV006 | J8: Outlet 006 | K8: BEV006
B9: PT Supplier 07 | C9: BEV007 | J9: Outlet 007 | K9: BEV007
B10: PT Supplier 08 | C10: BEV008 | J10: Outlet 008 | K10: BEV008
B11: PT Supplier 09 | C11: BEV009 | J11: Outlet 009 | K11: BEV009
B12: PT Supplier 10 | C12: BEV010 | J12: Outlet 010 | K12: BEV010
B13: PT Supplier 11 | C13: BEV011 | J13: Outlet 011 | K13: BEV011
B14: PT Supplier 12 | C14: BEV012 | J14: Outlet 012 | K14: BEV012
B15: PT Supplier 13 | C15: BEV013 | J15: Outlet 013 | K15: BEV013
B16: PT Supplier 14 | C16: BEV014 | J16: Outlet 014 | K16: BEV014
B17: PT Supplier 15 | C17: BEV015 | J17: Outlet 015 | K17: BEV015
B18: PT Supplier 16 | C18: BEV016 | J18: Outlet 016 | K18: BEV016
B19: PT Supplier 17 | C19: BEV017 | J19: Outlet 017 | K19: BEV017
... B37: PT Supplier 35 | C37: BEV035 | J37: Outlet 035 | K37: BEV035
C38: BEV036 | J38: Outlet 036 | K38: BEV036
C39: BEV037 | J39: Outlet 037 | K39: BEV037
C40: BEV038 | J40: Outlet 038 | K40: BEV038
C41: BEV039 | J41: Outlet 039 | K41: BEV039
C42: BEV040 | J42: Outlet 040 | K42: BEV040
C43: SNK001 | J43: Outlet 041 | K43: SNK001
C44: SNK002 | J44: Outlet 042 | K44: SNK002
C45: SNK003 | J45: Outlet 043 | K45: SNK003
C46: SNK004 | J46: Outlet 044 | K46: SNK004
C47: SNK005 | J47: Outlet 045 | K47: SNK005
C48: SNK006 | J48: Outlet 046 | K48: SNK006
C49: SNK007 | J49: Outlet 047 | K49: SNK007
... C83: INS006 | J83: Outlet 080 | K83: INS006
C84: INS007 | K84: INS007
C85: INS008 | K85: INS008
C86: INS009 | K86: INS009
C87: INS010 | K87: INS010
C88: INS011 | K88: INS011
C89: INS012 | K89: INS012
C90: INS013 | K90: INS013
C91: INS014 | K91: INS014
C92: INS015 | K92: INS015
C93: INS016 | K93: INS016
C94: INS017 | K94: INS017
C95: INS018 | K95: INS018
... C202: BAB020 | K202: BAB020
